{
  "1954": {
    "nodes": [
      {
        "id": "VS",
        "label": "Wallis",
        "concordat": "c1",
        "count": 1,
        "inDegree": 0,
        "outDegree": 1
      },
      {
        "id": "FR",
        "label": "Freiburg",
        "concordat": "c1",
        "count": 8,
        "inDegree": 7,
        "outDegree": 3
      },
      {
        "id": "NE",
        "label": "Neuenburg",
        "concordat": "c1",
        "count": 5,
        "inDegree": 4,
        "outDegree": 3
      },
      {
        "id": "TI",
        "label": "Tessin",
        "concordat": "c1",
        "count": 1,
        "inDegree": 0,
        "outDegree": 1
      },
      {
        "id": "VD",
        "label": "Waadt",
        "concordat": "c1",
        "count": 3,
        "inDegree": 2,
        "outDegree": 1
      },
      {
        "id": "GE",
        "label": "Genf",
        "concordat": "c1",
        "count": 1,
        "inDegree": 0,
        "outDegree": 5
      },
      {
        "id": "BS",
        "label": "Basel-Stadt",
        "concordat": "c2",
        "count": 3,
        "inDegree": 2,
        "outDegree": 7
      },
      {
        "id": "ZG",
        "label": "Zug",
        "concordat": "c2",
        "count": 2,
        "inDegree": 1,
        "outDegree": 4
      },
      {
        "id": "UR",
        "label": "Uri",
        "concordat": "c2",
        "count": 1,
        "inDegree": 0,
        "outDegree": 8
      },
      {
        "id": "BE",
        "label": "Bern",
        "concordat": "c2",
        "count": 11,
        "inDegree": 10,
        "outDegree": 2
      },
      {
        "id": "SZ",
        "label": "Schwyz",
        "concordat": "c2",
        "count": 2,
        "inDegree": 1,
        "outDegree": 6
      },
      {
        "id": "OW",
        "label": "Obwalden",
        "concordat": "c2",
        "count": 1,
        "inDegree": 0,
        "outDegree": 1
      },
      {
        "id": "NW",
        "label": "Nidwalden",
        "concordat": "c2",
        "count": 1,
        "inDegree": 0,
        "outDegree": 1
      },
      {
        "id": "BL",
        "label": "Basel-Landschaft",
        "concordat": "c2",
        "count": 4,
        "inDegree": 3,
        "outDegree": 4
      },
      {
        "id": "AG",
        "label": "Aargau",
        "concordat": "c2",
        "count": 8,
        "inDegree": 7,
        "outDegree": 10
      },
      {
        "id": "LU",
        "label": "Luzern",
        "concordat": "c2",
        "count": 6,
        "inDegree": 5,
        "outDegree": 1
      },
      {
        "id": "SO",
        "label": "Solothurn",
        "concordat": "c2",
        "count": 3,
        "inDegree": 2,
        "outDegree": 9
      },
      {
        "id": "GL",
        "label": "Glarus",
        "concordat": "c3",
        "count": 1,
        "inDegree": 0,
        "outDegree": 2
      },
      {
        "id": "GR",
        "label": "Graubünden",
        "concordat": "c3",
        "count": 1,
        "inDegree": 0,
        "outDegree": 1
      },
      {
        "id": "AI",
        "label": "Appenzell-Innerrhoden",
        "concordat": "c3",
        "count": 1,
        "inDegree": 0,
        "outDegree": 1
      },
      {
        "id": "SH",
        "label": "Schaffhausen",
        "concordat": "c3",
        "count": 1,
        "inDegree": 0,
        "outDegree": 6
      },
      {
        "id": "AR",
        "label": "Appenzell-Ausserrhoden",
        "concordat": "c3",
        "count": 3,
        "inDegree": 2,
        "outDegree": 3
      },
      {
        "id": "ZH",
        "label": "Zürich",
        "concordat": "c3",
        "count": 9,
        "inDegree": 8,
        "outDegree": 1
      },
      {
        "id": "TG",
        "label": "Thurgau",
        "concordat": "c3",
        "count": 6,
        "inDegree": 5,
        "outDegree": 1
      },
      {
        "id": "SG",
        "label": "StGallen",
        "concordat": "c3",
        "count": 8,
        "inDegree": 7,
        "outDegree": 1
      },
      {
        "id": "XX1",
        "label": "Other",
        "concordat": "not defined",
        "count": 12,
        "inDegree": 12,
        "outDegree": 0
      }
    ],
    "edges": [
      {
        "source": 14,
        "target": 13,
        "weight": 2,
        "target_institutions": [
          "BL03",
          "BL10"
        ],
        "sourceName": "AG",
        "targetName": "BL"
      },
      {
        "source": 14,
        "target": 6,
        "weight": 4,
        "target_institutions": [
          "BS02",
          "BS05",
          "BS03",
          "BS01"
        ],
        "sourceName": "AG",
        "targetName": "BS"
      },
      {
        "source": 14,
        "target": 9,
        "weight": 12,
        "target_institutions": [
          "BE02",
          "BE01",
          "BE04",
          "BE45",
          "BE46",
          "BE47",
          "BE05",
          "BE64",
          "BE09",
          "BE44",
          "BE41",
          "BE53"
        ],
        "sourceName": "AG",
        "targetName": "BE"
      },
      {
        "source": 14,
        "target": 1,
        "weight": 4,
        "target_institutions": [
          "FR01",
          "FR01",
          "FR07",
          "FR03"
        ],
        "sourceName": "AG",
        "targetName": "FR"
      },
      {
        "source": 14,
        "target": 15,
        "weight": 2,
        "target_institutions": [
          "LU05",
          "LU04"
        ],
        "sourceName": "AG",
        "targetName": "LU"
      },
      {
        "source": 14,
        "target": 2,
        "weight": 1,
        "target_institutions": [
          "NE03"
        ],
        "sourceName": "AG",
        "targetName": "NE"
      },
      {
        "source": 14,
        "target": 24,
        "weight": 3,
        "target_institutions": [
          "SG03",
          "SG10",
          "SG09"
        ],
        "sourceName": "AG",
        "targetName": "SG"
      },
      {
        "source": 14,
        "target": 23,
        "weight": 1,
        "target_institutions": [
          "TG01"
        ],
        "sourceName": "AG",
        "targetName": "TG"
      },
      {
        "source": 14,
        "target": 22,
        "weight": 8,
        "target_institutions": [
          "ZH01",
          "ZH03",
          "ZH07",
          "ZH45",
          "ZH11",
          "ZH43",
          "ZH42",
          "ZH49"
        ],
        "sourceName": "AG",
        "targetName": "ZH"
      },
      {
        "source": 21,
        "target": 24,
        "weight": 2,
        "target_institutions": [
          "SG07",
          "SG05"
        ],
        "sourceName": "AR",
        "targetName": "SG"
      },
      {
        "source": 21,
        "target": 23,
        "weight": 1,
        "target_institutions": [
          "TG01"
        ],
        "sourceName": "AR",
        "targetName": "TG"
      },
      {
        "source": 21,
        "target": 22,
        "weight": 2,
        "target_institutions": [
          "ZH04",
          "ZH03"
        ],
        "sourceName": "AR",
        "targetName": "ZH"
      },
      {
        "source": 19,
        "target": 25,
        "weight": 1,
        "target_institutions": [],
        "sourceName": "AI",
        "targetName": "XX1"
      },
      {
        "source": 13,
        "target": 14,
        "weight": 1,
        "target_institutions": [
          "AG05"
        ],
        "sourceName": "BL",
        "targetName": "AG"
      },
      {
        "source": 13,
        "target": 9,
        "weight": 5,
        "target_institutions": [
          "BE02",
          "BE03",
          "BE06",
          "BE02",
          "BE10"
        ],
        "sourceName": "BL",
        "targetName": "BE"
      },
      {
        "source": 13,
        "target": 1,
        "weight": 1,
        "target_institutions": [
          "FR01"
        ],
        "sourceName": "BL",
        "targetName": "FR"
      },
      {
        "source": 13,
        "target": 22,
        "weight": 2,
        "target_institutions": [
          "ZH03",
          "ZH07"
        ],
        "sourceName": "BL",
        "targetName": "ZH"
      },
      {
        "source": 6,
        "target": 14,
        "weight": 1,
        "target_institutions": [
          "AG95"
        ],
        "sourceName": "BS",
        "targetName": "AG"
      },
      {
        "source": 6,
        "target": 13,
        "weight": 4,
        "target_institutions": [
          "BL04",
          "BL04",
          "BL01",
          "BL03"
        ],
        "sourceName": "BS",
        "targetName": "BL"
      },
      {
        "source": 6,
        "target": 9,
        "weight": 4,
        "target_institutions": [
          "BE04",
          "BE01",
          "BE02",
          "BE06"
        ],
        "sourceName": "BS",
        "targetName": "BE"
      },
      {
        "source": 6,
        "target": 16,
        "weight": 2,
        "target_institutions": [
          "SO02",
          "SO01"
        ],
        "sourceName": "BS",
        "targetName": "SO"
      },
      {
        "source": 6,
        "target": 24,
        "weight": 1,
        "target_institutions": [
          "SG07"
        ],
        "sourceName": "BS",
        "targetName": "SG"
      },
      {
        "source": 6,
        "target": 23,
        "weight": 1,
        "target_institutions": [
          "TG02"
        ],
        "sourceName": "BS",
        "targetName": "TG"
      },
      {
        "source": 6,
        "target": 22,
        "weight": 3,
        "target_institutions": [
          "ZH04",
          "ZH03",
          "ZH07"
        ],
        "sourceName": "BS",
        "targetName": "ZH"
      },
      {
        "source": 9,
        "target": 25,
        "weight": 1,
        "target_institutions": [],
        "sourceName": "BE",
        "targetName": "XX1"
      },
      {
        "source": 1,
        "target": 2,
        "weight": 1,
        "target_institutions": [
          "NE03"
        ],
        "sourceName": "FR",
        "targetName": "NE"
      },
      {
        "source": 1,
        "target": 25,
        "weight": 1,
        "target_institutions": [],
        "sourceName": "FR",
        "targetName": "XX1"
      },
      {
        "source": 1,
        "target": 4,
        "weight": 1,
        "target_institutions": [
          "VD07"
        ],
        "sourceName": "FR",
        "targetName": "VD"
      },
      {
        "source": 5,
        "target": 14,
        "weight": 1,
        "target_institutions": [
          "AG03"
        ],
        "sourceName": "GE",
        "targetName": "AG"
      },
      {
        "source": 5,
        "target": 9,
        "weight": 1,
        "target_institutions": [
          "BE09"
        ],
        "sourceName": "GE",
        "targetName": "BE"
      },
      {
        "source": 5,
        "target": 1,
        "weight": 1,
        "target_institutions": [
          "FR01"
        ],
        "sourceName": "GE",
        "targetName": "FR"
      },
      {
        "source": 5,
        "target": 2,
        "weight": 1,
        "target_institutions": [
          "NE03"
        ],
        "sourceName": "GE",
        "targetName": "NE"
      },
      {
        "source": 5,
        "target": 4,
        "weight": 4,
        "target_institutions": [
          "VD04",
          "VD02",
          "VD03",
          "VD07"
        ],
        "sourceName": "GE",
        "targetName": "VD"
      },
      {
        "source": 17,
        "target": 25,
        "weight": 1,
        "target_institutions": [],
        "sourceName": "GL",
        "targetName": "XX1"
      },
      {
        "source": 17,
        "target": 24,
        "weight": 1,
        "target_institutions": [
          "SG07"
        ],
        "sourceName": "GL",
        "targetName": "SG"
      },
      {
        "source": 18,
        "target": 25,
        "weight": 1,
        "target_institutions": [],
        "sourceName": "GR",
        "targetName": "XX1"
      },
      {
        "source": 18,
        "target": 24,
        "weight": 1,
        "target_institutions": [
          "SG07"
        ],
        "sourceName": "GR",
        "targetName": "SG"
      },
      {
        "source": 18,
        "target": 22,
        "weight": 1,
        "target_institutions": [
          "ZH04"
        ],
        "sourceName": "GR",
        "targetName": "ZH"
      },
      {
        "source": 15,
        "target": 25,
        "weight": 1,
        "target_institutions": [],
        "sourceName": "LU",
        "targetName": "XX1"
      },
      {
        "source": 2,
        "target": 9,
        "weight": 3,
        "target_institutions": [
          "BE02",
          "BE02",
          "BE02"
        ],
        "sourceName": "NE",
        "targetName": "BE"
      },
      {
        "source": 2,
        "target": 1,
        "weight": 1,
        "target_institutions": [
          "FR01"
        ],
        "sourceName": "NE",
        "targetName": "FR"
      },
      {
        "source": 2,
        "target": 25,
        "weight": 1,
        "target_institutions": [],
        "sourceName": "NE",
        "targetName": "XX1"
      },
      {
        "source": 12,
        "target": 15,
        "weight": 3,
        "target_institutions": [
          "LU09",
          "LU01",
          "LU02"
        ],
        "sourceName": "NW",
        "targetName": "LU"
      },
      {
        "source": 11,
        "target": 25,
        "weight": 1,
        "target_institutions": [],
        "sourceName": "OW",
        "targetName": "XX1"
      },
      {
        "source": 20,
        "target": 14,
        "weight": 3,
        "target_institutions": [
          "AG95",
          "AG07",
          "AG05"
        ],
        "sourceName": "SH",
        "targetName": "AG"
      },
      {
        "source": 20,
        "target": 21,
        "weight": 1,
        "target_institutions": [
          "AR04"
        ],
        "sourceName": "SH",
        "targetName": "AR"
      },
      {
        "source": 20,
        "target": 9,
        "weight": 4,
        "target_institutions": [
          "BE02",
          "BE02",
          "BE03",
          "BE01"
        ],
        "sourceName": "SH",
        "targetName": "BE"
      },
      {
        "source": 20,
        "target": 24,
        "weight": 3,
        "target_institutions": [
          "SG01",
          "SG03",
          "SG09"
        ],
        "sourceName": "SH",
        "targetName": "SG"
      },
      {
        "source": 20,
        "target": 23,
        "weight": 1,
        "target_institutions": [
          "TG01"
        ],
        "sourceName": "SH",
        "targetName": "TG"
      },
      {
        "source": 20,
        "target": 22,
        "weight": 2,
        "target_institutions": [
          "ZH03",
          "ZH05"
        ],
        "sourceName": "SH",
        "targetName": "ZH"
      },
      {
        "source": 10,
        "target": 9,
        "weight": 2,
        "target_institutions": [
          "BE02",
          "BE02"
        ],
        "sourceName": "SZ",
        "targetName": "BE"
      },
      {
        "source": 10,
        "target": 1,
        "weight": 1,
        "target_institutions": [
          "FR01"
        ],
        "sourceName": "SZ",
        "targetName": "FR"
      },
      {
        "source": 10,
        "target": 15,
        "weight": 2,
        "target_institutions": [
          "LU02",
          "LU04"
        ],
        "sourceName": "SZ",
        "targetName": "LU"
      },
      {
        "source": 10,
        "target": 24,
        "weight": 2,
        "target_institutions": [
          "SG07",
          "SG02"
        ],
        "sourceName": "SZ",
        "targetName": "SG"
      },
      {
        "source": 10,
        "target": 22,
        "weight": 2,
        "target_institutions": [
          "ZH04",
          "ZH42"
        ],
        "sourceName": "SZ",
        "targetName": "ZH"
      },
      {
        "source": 16,
        "target": 14,
        "weight": 2,
        "target_institutions": [
          "AG05",
          "AG03"
        ],
        "sourceName": "SO",
        "targetName": "AG"
      },
      {
        "source": 16,
        "target": 13,
        "weight": 2,
        "target_institutions": [
          "BL01",
          "BL03"
        ],
        "sourceName": "SO",
        "targetName": "BL"
      },
      {
        "source": 16,
        "target": 6,
        "weight": 1,
        "target_institutions": [
          "BS03"
        ],
        "sourceName": "SO",
        "targetName": "BS"
      },
      {
        "source": 16,
        "target": 9,
        "weight": 4,
        "target_institutions": [
          "BE06",
          "BE09",
          "BE52",
          "BE02"
        ],
        "sourceName": "SO",
        "targetName": "BE"
      },
      {
        "source": 16,
        "target": 1,
        "weight": 2,
        "target_institutions": [
          "FR07",
          "FR03"
        ],
        "sourceName": "SO",
        "targetName": "FR"
      },
      {
        "source": 16,
        "target": 15,
        "weight": 1,
        "target_institutions": [
          "LU04"
        ],
        "sourceName": "SO",
        "targetName": "LU"
      },
      {
        "source": 16,
        "target": 2,
        "weight": 1,
        "target_institutions": [
          "NE03"
        ],
        "sourceName": "SO",
        "targetName": "NE"
      },
      {
        "source": 16,
        "target": 24,
        "weight": 3,
        "target_institutions": [
          "SG02",
          "SG04",
          "SG07"
        ],
        "sourceName": "SO",
        "targetName": "SG"
      },
      {
        "source": 16,
        "target": 22,
        "weight": 4,
        "target_institutions": [
          "ZH01",
          "ZH03",
          "ZH07",
          "ZH42"
        ],
        "sourceName": "SO",
        "targetName": "ZH"
      },
      {
        "source": 24,
        "target": 25,
        "weight": 1,
        "target_institutions": [],
        "sourceName": "SG",
        "targetName": "XX1"
      },
      {
        "source": 3,
        "target": 25,
        "weight": 1,
        "target_institutions": [],
        "sourceName": "TI",
        "targetName": "XX1"
      },
      {
        "source": 23,
        "target": 25,
        "weight": 1,
        "target_institutions": [],
        "sourceName": "TG",
        "targetName": "XX1"
      },
      {
        "source": 8,
        "target": 14,
        "weight": 2,
        "target_institutions": [
          "AG18",
          "AG03"
        ],
        "sourceName": "UR",
        "targetName": "AG"
      },
      {
        "source": 8,
        "target": 9,
        "weight": 2,
        "target_institutions": [
          "BE02",
          "BE02"
        ],
        "sourceName": "UR",
        "targetName": "BE"
      },
      {
        "source": 8,
        "target": 1,
        "weight": 1,
        "target_institutions": [
          "FR01"
        ],
        "sourceName": "UR",
        "targetName": "FR"
      },
      {
        "source": 8,
        "target": 15,
        "weight": 2,
        "target_institutions": [
          "LU05",
          "LU04"
        ],
        "sourceName": "UR",
        "targetName": "LU"
      },
      {
        "source": 8,
        "target": 24,
        "weight": 2,
        "target_institutions": [
          "SG15",
          "SG03"
        ],
        "sourceName": "UR",
        "targetName": "SG"
      },
      {
        "source": 8,
        "target": 7,
        "weight": 1,
        "target_institutions": [
          "ZG02"
        ],
        "sourceName": "UR",
        "targetName": "ZG"
      },
      {
        "source": 8,
        "target": 22,
        "weight": 2,
        "target_institutions": [
          "ZH03",
          "ZH50"
        ],
        "sourceName": "UR",
        "targetName": "ZH"
      },
      {
        "source": 4,
        "target": 25,
        "weight": 1,
        "target_institutions": [],
        "sourceName": "VD",
        "targetName": "XX1"
      },
      {
        "source": 0,
        "target": 25,
        "weight": 1,
        "target_institutions": [],
        "sourceName": "VS",
        "targetName": "XX1"
      },
      {
        "source": 7,
        "target": 14,
        "weight": 2,
        "target_institutions": [
          "AG07",
          "AG94"
        ],
        "sourceName": "ZG",
        "targetName": "AG"
      },
      {
        "source": 7,
        "target": 15,
        "weight": 4,
        "target_institutions": [
          "LU02",
          "LU01",
          "LU04",
          "LU05"
        ],
        "sourceName": "ZG",
        "targetName": "LU"
      },
      {
        "source": 7,
        "target": 25,
        "weight": 1,
        "target_institutions": [],
        "sourceName": "ZG",
        "targetName": "XX1"
      },
      {
        "source": 7,
        "target": 23,
        "weight": 1,
        "target_institutions": [
          "TG05"
        ],
        "sourceName": "ZG",
        "targetName": "TG"
      },
      {
        "source": 22,
        "target": 25,
        "weight": 1,
        "target_institutions": [],
        "sourceName": "ZH",
        "targetName": "XX1"
      }
    ]
  },
  "1965": {
    "nodes": [
      {
        "id": "GE",
        "label": "Genf",
        "concordat": "c1",
        "count": 1,
        "inDegree": 0,
        "outDegree": 5
      },
      {
        "id": "VS",
        "label": "Wallis",
        "concordat": "c1",
        "count": 1,
        "inDegree": 0,
        "outDegree": 1
      },
      {
        "id": "TI",
        "label": "Tessin",
        "concordat": "c1",
        "count": 1,
        "inDegree": 0,
        "outDegree": 1
      },
      {
        "id": "VD",
        "label": "Waadt",
        "concordat": "c1",
        "count": 3,
        "inDegree": 2,
        "outDegree": 1
      },
      {
        "id": "NE",
        "label": "Neuenburg",
        "concordat": "c1",
        "count": 5,
        "inDegree": 4,
        "outDegree": 3
      },
      {
        "id": "FR",
        "label": "Freiburg",
        "concordat": "c1",
        "count": 8,
        "inDegree": 7,
        "outDegree": 3
      },
      {
        "id": "LU",
        "label": "Luzern",
        "concordat": "c2",
        "count": 6,
        "inDegree": 5,
        "outDegree": 1
      },
      {
        "id": "AG",
        "label": "Aargau",
        "concordat": "c2",
        "count": 8,
        "inDegree": 7,
        "outDegree": 10
      },
      {
        "id": "BL",
        "label": "Basel-Landschaft",
        "concordat": "c2",
        "count": 4,
        "inDegree": 3,
        "outDegree": 4
      },
      {
        "id": "OW",
        "label": "Obwalden",
        "concordat": "c2",
        "count": 1,
        "inDegree": 0,
        "outDegree": 1
      },
      {
        "id": "NW",
        "label": "Nidwalden",
        "concordat": "c2",
        "count": 1,
        "inDegree": 0,
        "outDegree": 1
      },
      {
        "id": "UR",
        "label": "Uri",
        "concordat": "c2",
        "count": 1,
        "inDegree": 0,
        "outDegree": 8
      },
      {
        "id": "ZG",
        "label": "Zug",
        "concordat": "c2",
        "count": 2,
        "inDegree": 1,
        "outDegree": 4
      },
      {
        "id": "SZ",
        "label": "Schwyz",
        "concordat": "c2",
        "count": 2,
        "inDegree": 1,
        "outDegree": 6
      },
      {
        "id": "BE",
        "label": "Bern",
        "concordat": "c2",
        "count": 11,
        "inDegree": 10,
        "outDegree": 2
      },
      {
        "id": "BS",
        "label": "Basel-Stadt",
        "concordat": "c2",
        "count": 3,
        "inDegree": 2,
        "outDegree": 7
      },
      {
        "id": "SO",
        "label": "Solothurn",
        "concordat": "c2",
        "count": 3,
        "inDegree": 2,
        "outDegree": 9
      },
      {
        "id": "GR",
        "label": "Graubünden",
        "concordat": "c3",
        "count": 1,
        "inDegree": 0,
        "outDegree": 1
      },
      {
        "id": "AR",
        "label": "Appenzell-Ausserrhoden",
        "concordat": "c3",
        "count": 3,
        "inDegree": 2,
        "outDegree": 3
      },
      {
        "id": "SG",
        "label": "StGallen",
        "concordat": "c3",
        "count": 8,
        "inDegree": 7,
        "outDegree": 1
      },
      {
        "id": "SH",
        "label": "Schaffhausen",
        "concordat": "c3",
        "count": 1,
        "inDegree": 0,
        "outDegree": 6
      },
      {
        "id": "TG",
        "label": "Thurgau",
        "concordat": "c3",
        "count": 6,
        "inDegree": 5,
        "outDegree": 1
      },
      {
        "id": "GL",
        "label": "Glarus",
        "concordat": "c3",
        "count": 1,
        "inDegree": 0,
        "outDegree": 2
      },
      {
        "id": "ZH",
        "label": "Zürich",
        "concordat": "c3",
        "count": 9,
        "inDegree": 8,
        "outDegree": 1
      },
      {
        "id": "XX3",
        "label": "Region-Ostschweiz",
        "concordat": "not defined",
        "count": 1,
        "inDegree": 1,
        "outDegree": 0
      },
      {
        "id": "XX1",
        "label": "Other",
        "concordat": "not defined",
        "count": 12,
        "inDegree": 12,
        "outDegree": 0
      },
      {
        "id": "XX2",
        "label": "Region-Nordwest-Innerschweiz",
        "concordat": "not defined",
        "count": 2,
        "inDegree": 2,
        "outDegree": 0
      },
      {
        "id": "XX4",
        "label": "Choix-de-l'établissement-ou-de-l'home-selon-le-cas",
        "concordat": "not defined",
        "count": 1,
        "inDegree": 1,
        "outDegree": 0
      }
    ],
    "edges": [
      {
        "source": 7,
        "target": 18,
        "weight": 1,
        "target_institutions": [
          "AR04"
        ],
        "sourceName": "AG",
        "targetName": "AR"
      },
      {
        "source": 7,
        "target": 8,
        "weight": 2,
        "target_institutions": [
          "BL10",
          "BL03"
        ],
        "sourceName": "AG",
        "targetName": "BL"
      },
      {
        "source": 7,
        "target": 15,
        "weight": 4,
        "target_institutions": [
          "BS01",
          "BS03",
          "BS02",
          "BS05"
        ],
        "sourceName": "AG",
        "targetName": "BS"
      },
      {
        "source": 7,
        "target": 14,
        "weight": 13,
        "target_institutions": [
          "BE64",
          "BE02",
          "BE41",
          "BE52",
          "BE53",
          "BE44",
          "BE09",
          "BE01",
          "BE04",
          "BE47",
          "BE05",
          "BE46",
          "BE45"
        ],
        "sourceName": "AG",
        "targetName": "BE"
      },
      {
        "source": 7,
        "target": 5,
        "weight": 5,
        "target_institutions": [
          "FR03",
          "FR04",
          "FR01",
          "FR01",
          "FR07"
        ],
        "sourceName": "AG",
        "targetName": "FR"
      },
      {
        "source": 7,
        "target": 6,
        "weight": 2,
        "target_institutions": [
          "LU04",
          "LU05"
        ],
        "sourceName": "AG",
        "targetName": "LU"
      },
      {
        "source": 7,
        "target": 4,
        "weight": 1,
        "target_institutions": [
          "NE03"
        ],
        "sourceName": "AG",
        "targetName": "NE"
      },
      {
        "source": 7,
        "target": 19,
        "weight": 3,
        "target_institutions": [
          "SG10",
          "SG09",
          "SG03"
        ],
        "sourceName": "AG",
        "targetName": "SG"
      },
      {
        "source": 7,
        "target": 21,
        "weight": 1,
        "target_institutions": [
          "TG01"
        ],
        "sourceName": "AG",
        "targetName": "TG"
      },
      {
        "source": 7,
        "target": 23,
        "weight": 10,
        "target_institutions": [
          "ZH49",
          "ZH05",
          "ZH11",
          "ZH43",
          "ZH45",
          "ZH42",
          "ZH03",
          "ZH07",
          "ZH01",
          "ZH23"
        ],
        "sourceName": "AG",
        "targetName": "ZH"
      },
      {
        "source": 11,
        "target": 23,
        "weight": 2,
        "target_institutions": [
          "ZH50",
          "ZH03"
        ],
        "sourceName": "UR",
        "targetName": "ZH"
      },
      {
        "source": 11,
        "target": 14,
        "weight": 2,
        "target_institutions": [
          "BE02",
          "BE02"
        ],
        "sourceName": "UR",
        "targetName": "BE"
      },
      {
        "source": 11,
        "target": 7,
        "weight": 2,
        "target_institutions": [
          "AG03",
          "AG18"
        ],
        "sourceName": "UR",
        "targetName": "AG"
      },
      {
        "source": 11,
        "target": 19,
        "weight": 2,
        "target_institutions": [
          "SG03",
          "SG15"
        ],
        "sourceName": "UR",
        "targetName": "SG"
      },
      {
        "source": 11,
        "target": 6,
        "weight": 2,
        "target_institutions": [
          "LU04",
          "LU05"
        ],
        "sourceName": "UR",
        "targetName": "LU"
      },
      {
        "source": 11,
        "target": 12,
        "weight": 1,
        "target_institutions": [
          "ZG02"
        ],
        "sourceName": "UR",
        "targetName": "ZG"
      },
      {
        "source": 11,
        "target": 5,
        "weight": 1,
        "target_institutions": [
          "FR01"
        ],
        "sourceName": "UR",
        "targetName": "FR"
      },
      {
        "source": 11,
        "target": 25,
        "weight": 1,
        "target_institutions": [],
        "sourceName": "UR",
        "targetName": "XX1"
      },
      {
        "source": 0,
        "target": 3,
        "weight": 5,
        "target_institutions": [
          "VD01",
          "VD02",
          "VD07",
          "VD03",
          "VD04"
        ],
        "sourceName": "GE",
        "targetName": "VD"
      },
      {
        "source": 0,
        "target": 4,
        "weight": 2,
        "target_institutions": [
          "NE02",
          "NE03"
        ],
        "sourceName": "GE",
        "targetName": "NE"
      },
      {
        "source": 0,
        "target": 7,
        "weight": 1,
        "target_institutions": [
          "AG03"
        ],
        "sourceName": "GE",
        "targetName": "AG"
      },
      {
        "source": 0,
        "target": 14,
        "weight": 1,
        "target_institutions": [
          "BE09"
        ],
        "sourceName": "GE",
        "targetName": "BE"
      },
      {
        "source": 0,
        "target": 5,
        "weight": 1,
        "target_institutions": [
          "FR01"
        ],
        "sourceName": "GE",
        "targetName": "FR"
      },
      {
        "source": 8,
        "target": 14,
        "weight": 5,
        "target_institutions": [
          "BE10",
          "BE02",
          "BE02",
          "BE06",
          "BE03"
        ],
        "sourceName": "BL",
        "targetName": "BE"
      },
      {
        "source": 8,
        "target": 7,
        "weight": 1,
        "target_institutions": [
          "AG05"
        ],
        "sourceName": "BL",
        "targetName": "AG"
      },
      {
        "source": 8,
        "target": 23,
        "weight": 2,
        "target_institutions": [
          "ZH03",
          "ZH07"
        ],
        "sourceName": "BL",
        "targetName": "ZH"
      },
      {
        "source": 8,
        "target": 5,
        "weight": 1,
        "target_institutions": [
          "FR01"
        ],
        "sourceName": "BL",
        "targetName": "FR"
      },
      {
        "source": 16,
        "target": 5,
        "weight": 2,
        "target_institutions": [
          "FR03",
          "FR07"
        ],
        "sourceName": "SO",
        "targetName": "FR"
      },
      {
        "source": 16,
        "target": 14,
        "weight": 6,
        "target_institutions": [
          "BE02",
          "BE52",
          "BE06",
          "BE09",
          "BE09",
          "BE01"
        ],
        "sourceName": "SO",
        "targetName": "BE"
      },
      {
        "source": 16,
        "target": 4,
        "weight": 1,
        "target_institutions": [
          "NE03"
        ],
        "sourceName": "SO",
        "targetName": "NE"
      },
      {
        "source": 16,
        "target": 7,
        "weight": 2,
        "target_institutions": [
          "AG05",
          "AG03"
        ],
        "sourceName": "SO",
        "targetName": "AG"
      },
      {
        "source": 16,
        "target": 8,
        "weight": 2,
        "target_institutions": [
          "BL01",
          "BL03"
        ],
        "sourceName": "SO",
        "targetName": "BL"
      },
      {
        "source": 16,
        "target": 23,
        "weight": 4,
        "target_institutions": [
          "ZH42",
          "ZH03",
          "ZH07",
          "ZH01"
        ],
        "sourceName": "SO",
        "targetName": "ZH"
      },
      {
        "source": 16,
        "target": 15,
        "weight": 1,
        "target_institutions": [
          "BS03"
        ],
        "sourceName": "SO",
        "targetName": "BS"
      },
      {
        "source": 16,
        "target": 19,
        "weight": 3,
        "target_institutions": [
          "SG02",
          "SG04",
          "SG07"
        ],
        "sourceName": "SO",
        "targetName": "SG"
      },
      {
        "source": 16,
        "target": 6,
        "weight": 1,
        "target_institutions": [
          "LU04"
        ],
        "sourceName": "SO",
        "targetName": "LU"
      },
      {
        "source": 15,
        "target": 14,
        "weight": 4,
        "target_institutions": [
          "BE02",
          "BE06",
          "BE01",
          "BE04"
        ],
        "sourceName": "BS",
        "targetName": "BE"
      },
      {
        "source": 15,
        "target": 8,
        "weight": 4,
        "target_institutions": [
          "BL01",
          "BL03",
          "BL04",
          "BL04"
        ],
        "sourceName": "BS",
        "targetName": "BL"
      },
      {
        "source": 15,
        "target": 23,
        "weight": 3,
        "target_institutions": [
          "ZH03",
          "ZH07",
          "ZH04"
        ],
        "sourceName": "BS",
        "targetName": "ZH"
      },
      {
        "source": 15,
        "target": 16,
        "weight": 2,
        "target_institutions": [
          "SO02",
          "SO01"
        ],
        "sourceName": "BS",
        "targetName": "SO"
      },
      {
        "source": 15,
        "target": 21,
        "weight": 1,
        "target_institutions": [
          "TG02"
        ],
        "sourceName": "BS",
        "targetName": "TG"
      },
      {
        "source": 15,
        "target": 7,
        "weight": 1,
        "target_institutions": [
          "AG95"
        ],
        "sourceName": "BS",
        "targetName": "AG"
      },
      {
        "source": 15,
        "target": 19,
        "weight": 1,
        "target_institutions": [
          "SG07"
        ],
        "sourceName": "BS",
        "targetName": "SG"
      },
      {
        "source": 5,
        "target": 4,
        "weight": 1,
        "target_institutions": [
          "NE03"
        ],
        "sourceName": "FR",
        "targetName": "NE"
      },
      {
        "source": 5,
        "target": 3,
        "weight": 1,
        "target_institutions": [
          "VD07"
        ],
        "sourceName": "FR",
        "targetName": "VD"
      },
      {
        "source": 5,
        "target": 27,
        "weight": 1,
        "target_institutions": [],
        "sourceName": "FR",
        "targetName": "XX4"
      },
      {
        "source": 22,
        "target": 14,
        "weight": 2,
        "target_institutions": [
          "BE02",
          "BE04"
        ],
        "sourceName": "GL",
        "targetName": "BE"
      },
      {
        "source": 22,
        "target": 26,
        "weight": 1,
        "target_institutions": [],
        "sourceName": "GL",
        "targetName": "XX2"
      },
      {
        "source": 4,
        "target": 14,
        "weight": 4,
        "target_institutions": [
          "BE02",
          "BE02",
          "BE02",
          "BE01"
        ],
        "sourceName": "NE",
        "targetName": "BE"
      },
      {
        "source": 4,
        "target": 5,
        "weight": 1,
        "target_institutions": [
          "FR01"
        ],
        "sourceName": "NE",
        "targetName": "FR"
      },
      {
        "source": 4,
        "target": 25,
        "weight": 1,
        "target_institutions": [],
        "sourceName": "NE",
        "targetName": "XX1"
      },
      {
        "source": 20,
        "target": 14,
        "weight": 6,
        "target_institutions": [
          "BE02",
          "BE02",
          "BE41",
          "BE09",
          "BE03",
          "BE01"
        ],
        "sourceName": "SH",
        "targetName": "BE"
      },
      {
        "source": 20,
        "target": 23,
        "weight": 5,
        "target_institutions": [
          "ZH05",
          "ZH42",
          "ZH03",
          "ZH01",
          "ZH23"
        ],
        "sourceName": "SH",
        "targetName": "ZH"
      },
      {
        "source": 20,
        "target": 19,
        "weight": 4,
        "target_institutions": [
          "SG09",
          "SG05",
          "SG01",
          "SG03"
        ],
        "sourceName": "SH",
        "targetName": "SG"
      },
      {
        "source": 20,
        "target": 7,
        "weight": 5,
        "target_institutions": [
          "AG05",
          "AG07",
          "AG03",
          "AG04",
          "AG95"
        ],
        "sourceName": "SH",
        "targetName": "AG"
      },
      {
        "source": 20,
        "target": 18,
        "weight": 2,
        "target_institutions": [
          "AR24",
          "AR04"
        ],
        "sourceName": "SH",
        "targetName": "AR"
      },
      {
        "source": 20,
        "target": 21,
        "weight": 1,
        "target_institutions": [
          "TG01"
        ],
        "sourceName": "SH",
        "targetName": "TG"
      },
      {
        "source": 13,
        "target": 14,
        "weight": 2,
        "target_institutions": [
          "BE02",
          "BE07"
        ],
        "sourceName": "SZ",
        "targetName": "BE"
      },
      {
        "source": 13,
        "target": 23,
        "weight": 2,
        "target_institutions": [
          "ZH42",
          "ZH04"
        ],
        "sourceName": "SZ",
        "targetName": "ZH"
      },
      {
        "source": 13,
        "target": 19,
        "weight": 2,
        "target_institutions": [
          "SG02",
          "SG07"
        ],
        "sourceName": "SZ",
        "targetName": "SG"
      },
      {
        "source": 13,
        "target": 6,
        "weight": 2,
        "target_institutions": [
          "LU02",
          "LU04"
        ],
        "sourceName": "SZ",
        "targetName": "LU"
      },
      {
        "source": 13,
        "target": 5,
        "weight": 1,
        "target_institutions": [
          "FR01"
        ],
        "sourceName": "SZ",
        "targetName": "FR"
      },
      {
        "source": 13,
        "target": 25,
        "weight": 1,
        "target_institutions": [],
        "sourceName": "SZ",
        "targetName": "XX1"
      },
      {
        "source": 18,
        "target": 23,
        "weight": 2,
        "target_institutions": [
          "ZH03",
          "ZH04"
        ],
        "sourceName": "AR",
        "targetName": "ZH"
      },
      {
        "source": 18,
        "target": 19,
        "weight": 2,
        "target_institutions": [
          "SG05",
          "SG07"
        ],
        "sourceName": "AR",
        "targetName": "SG"
      },
      {
        "source": 18,
        "target": 21,
        "weight": 1,
        "target_institutions": [
          "TG01"
        ],
        "sourceName": "AR",
        "targetName": "TG"
      },
      {
        "source": 14,
        "target": 13,
        "weight": 1,
        "target_institutions": [
          "SZ01"
        ],
        "sourceName": "BE",
        "targetName": "SZ"
      },
      {
        "source": 14,
        "target": 16,
        "weight": 1,
        "target_institutions": [
          "SO01"
        ],
        "sourceName": "BE",
        "targetName": "SO"
      },
      {
        "source": 12,
        "target": 7,
        "weight": 2,
        "target_institutions": [
          "AG07",
          "AG94"
        ],
        "sourceName": "ZG",
        "targetName": "AG"
      },
      {
        "source": 12,
        "target": 6,
        "weight": 4,
        "target_institutions": [
          "LU02",
          "LU01",
          "LU04",
          "LU05"
        ],
        "sourceName": "ZG",
        "targetName": "LU"
      },
      {
        "source": 12,
        "target": 21,
        "weight": 1,
        "target_institutions": [
          "TG05"
        ],
        "sourceName": "ZG",
        "targetName": "TG"
      },
      {
        "source": 12,
        "target": 25,
        "weight": 1,
        "target_institutions": [],
        "sourceName": "ZG",
        "targetName": "XX1"
      },
      {
        "source": 17,
        "target": 26,
        "weight": 1,
        "target_institutions": [],
        "sourceName": "GR",
        "targetName": "XX2"
      },
      {
        "source": 6,
        "target": 24,
        "weight": 1,
        "target_institutions": [],
        "sourceName": "LU",
        "targetName": "XX3"
      },
      {
        "source": 10,
        "target": 25,
        "weight": 1,
        "target_institutions": [],
        "sourceName": "NW",
        "targetName": "XX1"
      },
      {
        "source": 9,
        "target": 25,
        "weight": 1,
        "target_institutions": [],
        "sourceName": "OW",
        "targetName": "XX1"
      },
      {
        "source": 19,
        "target": 25,
        "weight": 1,
        "target_institutions": [],
        "sourceName": "SG",
        "targetName": "XX1"
      },
      {
        "source": 2,
        "target": 25,
        "weight": 1,
        "target_institutions": [],
        "sourceName": "TI",
        "targetName": "XX1"
      },
      {
        "source": 21,
        "target": 25,
        "weight": 1,
        "target_institutions": [],
        "sourceName": "TG",
        "targetName": "XX1"
      },
      {
        "source": 3,
        "target": 25,
        "weight": 1,
        "target_institutions": [],
        "sourceName": "VD",
        "targetName": "XX1"
      },
      {
        "source": 1,
        "target": 25,
        "weight": 1,
        "target_institutions": [],
        "sourceName": "VS",
        "targetName": "XX1"
      },
      {
        "source": 23,
        "target": 25,
        "weight": 1,
        "target_institutions": [],
        "sourceName": "ZH",
        "targetName": "XX1"
      }
    ]
  }
}