{
    "typology": {
        "forced labour institution": 1,
        "labour colony": 2,
        "juvenile correction facility": 3,
        "alcohol rehabilitation facility": 4,
        "prison": 5,
        "psychiatric institution": 6,
        "municipal poorhouse": 7,
        "special needs facility": 8,
        "not specified": 9
    },
    "gender": {
        "male": 1,
        "female": 2,
        "mixed": 3,
        "not specified": 4
    },
    "capacity": {
        "0 - 19": 1,
        "20 - 49": 2,
        "50 - 99": 3,
        "100 - 149": 4,
        "150 - 199": 5,
        "200 or more": 6,
        "not specified": 7
    },
    "confession": {
        "protestant": 1,
        "catholic": 2,
        "interdenominational": 3,
        "not specified": 4
    },
    "fundingAgency": {
        "government funded": 1,
        "privately funded": 2,
        "public-private": 3,
        "not specified": 4
    },
    "committingAgency": {
        "courts": 1,
        "investigating magistrate": 2,
        "prosecutor": 3,
        "juvenile prosecutor": 4,
        "government council (municipal)": 5,
        "administrative agency": 6,
        "correctional authority": 7,
        "police authority": 8,
        "social welfare authority": 9,
        "guardianship authority": 10,
        "district authorities": 11,
        "legal guardians": 12,
        "juvenile welfare services": 13,
        "private individuals/associations": 14,
        "not specified": 15
    }
}
