{"nodes":[{"name":"1_uncertain","group":"1933","list":["AR20","BL11","BL12","BL13","BS01","FR03","FR04","GE14","GE15","TI06","VD25","VS01","VS07","VS09"]},{"name":"2_closed or not yet opened","group":"1933","list":["AG96","BL14","BS14","BS15","BS16","BS17","GE06","GE07","GE08","GE09","GE10","GE11","GE12","GR03","JU01","JU03","LU08","TG08","TI03","VD04c","VD10","VS02","VS04","ZG03","ZH19b","ZH60"]},{"name":"3_open but not included in directory","group":"1933","list":["AG02","AG06","AG08","AG09","AG10","AG11","AG12","AG13","AG14","AG15","AG16","AG17","AG18","AG97","AG98","AG99","AI03","AI04","AR04","AR24","BE02","BE02a","BE02b","BE02c","BE02d","BE03a","BE03b","BE10","BE11","BE12","BE13","BE14","BE15","BE16","BE17","BE18","BE19","BE20","BE21","BE22","BE23","BE24","BE25","BE26","BE27","BE28","BE29","BE30","BE31","BE32","BE33","BE34","BE35","BE36","BE37","BE38","BE39","BE40","BE42","BE43","BE44","BE45","BE46","BE48","BE51","BE52","BE53","BE54","BE55","BE61","BE62","BE63","BE64","BE65","BE66","BE67","BE68","BE69","BE70","BL06","BL07","BL08","BL09","BL15","BS05","BS07","BS09","FR01","FR02","FR09","FR10","FR11","FR12","FR13","FR14","FR15","FR16","GE05","GL01","GR01","JU02","LU02","LU03","LU09","LU10","LU11","LU12","LU13","NE04","NE05","NE06","NE07","NE08","NE09","NW03","NW04","OW02","SG03","SG04","SG07","SG09","SG14","SG17","SG18","SG19","SG20","SG21","SG22","SG23","SG24","SG25","SG26","SG27","SG28","SG29","SG30","SG31","SG32","SH01","SH02","SH03","SO02","SO04","SO05","SO06","SO07","SO08","SZ02","SZ03","SZ04","SZ05","SZ06","SZ07","TG03","TG04","TG05","TG07","TG09","TG10","TG11","TG12","TG13","TG14","TG15","TG16","TI04","TI05","TI07","UR01","VD03","VD04","VD07","VD08","VD12","VD13","VD14","VD15","VD16","VD17","VD18","VD19","VD20","VD21","VD22","VD23","VD24","VD26","VD27","VS03","VS06","VS08","VS10","ZG02","ZH04","ZH04b","ZH04c","ZH12","ZH13","ZH14","ZH15","ZH16","ZH17","ZH18","ZH19","ZH19a","ZH20","ZH21","ZH22","ZH43","ZH50","ZH51","ZH54","ZH56","ZH57","ZH58","ZH59"]},{"name":"4_open and included in directory","group":"1933","list":["AG01","AG03","AG04","AG05","AG07","AG100","AG19","AG20","AG21","AG22","AG23","AG24","AG25","AG26","AG27","AG28","AG29","AG30","AG31","AG32","AG33","AG34","AG35","AG36","AG37","AG38","AG39","AG40","AG41","AG42","AG43","AG44","AG45","AG46","AG47","AG48","AG49","AG50","AG51","AG52","AG53","AG54","AG55","AG56","AG57","AG58","AG59","AG60","AG61","AG62","AG63","AG64","AG65","AG66","AG67","AG68","AG69","AG70","AG71","AG72","AG73","AG74","AG75","AG76","AG77","AG78","AG79","AG80","AG81","AG82","AG83","AG84","AG85","AG86","AG87","AG88","AG89","AG90","AG91","AG92","AG93","AG94","AG95","AI01","AI02","AR01","AR02","AR03","AR05","AR06","AR07","AR08","AR09","AR10","AR11","AR12","AR13","AR14","AR15","AR16","AR17","AR18","AR19","AR21","AR22","AR23","AR25","BE01","BE02e","BE03","BE04","BE05","BE06","BE07","BE08","BE09","BE41","BE47","BE49","BE50","BE56","BE57","BE58","BE59","BE60","BL01","BL03","BL04","BL05","BL10","BS02","BS03","BS04","BS06","BS08","BS10","BS11","BS12","BS13","FR01a","FR01b","FR01c","FR01d","FR05","FR06","FR07","FR08","GE01","GE02","GE03","GE04","GE13","GR01a","GR01b","GR01ba","GR01bb","GR04","GR05","LU01","LU01a","LU04","LU05","LU06","LU07","LU14","LU15","LU16","LU17","LU18","LU19","LU20","LU21","LU22","LU23","LU24","LU25","LU26","LU27","LU28","LU29","LU30","LU31","LU32","LU33","LU34","LU35","LU36","LU37","LU38","LU39","LU40","LU41","LU42","LU43","LU44","LU45","LU46","LU47","LU48","LU49","LU50","LU51","LU52","LU53","NE01","NE02","NE03","NW01","NW02","NW05","NW06","NW07","NW08","NW09","NW10","OW01","OW03","SG01","SG02","SG03a","SG03b","SG05","SG06","SG08","SG10","SG11","SG12","SG15","SG16","SG33","SG34","SG35","SG36","SG37","SG38","SG39","SG40","SG41","SG42","SG43","SG44","SG45","SG46","SG47","SG48","SG49","SG50","SG51","SG52","SG53","SG54","SG55","SG56","SG57","SG58","SG59","SG60","SG61","SG62","SG63","SG64","SG65","SG66","SG67","SG68","SG69","SG70","SG71","SG72","SG73","SG74","SG75","SG76","SG77","SG78","SG79","SG80","SG81","SG82","SG83","SG84","SG85","SG86","SG87","SG88","SG89","SG90","SG91","SG92","SG93","SG94","SG95","SG96","SG97","SG98","SG99","SH04","SH05","SH06","SH07","SH08","SH09","SH10","SH11","SH12","SH13","SH14","SH15","SH16","SH17","SH18","SH19","SH20","SH21","SH22","SH23","SH24","SH25","SH26","SO01","SO01a","SO01b","SO03","SO09","SO10","SO11","SO12","SO13","SO14","SO15","SO16","SO17","SZ01","SZ09","SZ10","SZ11","SZ12","SZ13","SZ14","SZ15","SZ16","SZ17","SZ18","SZ19","SZ20","SZ21","SZ22","SZ23","SZ24","SZ25","SZ26","SZ27","TG01","TG02","TG06","TI01","TI02","UR02","UR03","UR04","UR05","UR06","UR07","VD01","VD02","VD04a","VD04b","VD05","VD06","VD09","VD11","VS05","ZG01","ZG04","ZG05","ZG06","ZG07","ZG08","ZG09","ZG10","ZH01","ZH02","ZH03","ZH04a","ZH05","ZH06","ZH07","ZH08","ZH09","ZH10","ZH11","ZH23","ZH24","ZH25","ZH26","ZH27","ZH28","ZH29","ZH30","ZH31","ZH32","ZH33","ZH34","ZH35","ZH36","ZH37","ZH38","ZH39","ZH40","ZH41","ZH42","ZH44","ZH45","ZH46","ZH47","ZH48","ZH49","ZH51","ZH52","ZH53","ZH55"]},{"name":"1_uncertain","group":"1940","list":["AG01","AG100","AG19","AG20","AG21","AG22","AG23","AG24","AG25","AG26","AG27","AG28","AG29","AG30","AG31","AG32","AG33","AG34","AG35","AG36","AG37","AG38","AG39","AG40","AG41","AG42","AG43","AG44","AG45","AG46","AG47","AG48","AG49","AG50","AG51","AG52","AG53","AG54","AG55","AG56","AG57","AG58","AG59","AG60","AG61","AG62","AG63","AG64","AG65","AG66","AG67","AG68","AG69","AG70","AG71","AG72","AG73","AG74","AG75","AG76","AG77","AG78","AG79","AG80","AG81","AG82","AG83","AG84","AG85","AG86","AG87","AG88","AG89","AG90","AG91","AG92","AG93","AI01","AI02","AR05","AR06","AR07","AR08","AR09","AR10","AR11","AR12","AR13","AR14","AR15","AR16","AR17","AR18","AR19","AR21","AR22","AR23","BE56","BE57","BE58","BE59","BE60","BL11","BL12","BL13","BS15","BS16","FR01a","FR01b","FR08","GE04","GE13","GE14","GE15","LU06","LU14","LU15","LU16","LU17","LU18","LU19","LU20","LU21","LU22","LU23","LU24","LU25","LU26","LU27","LU28","LU29","LU30","LU31","LU32","LU33","LU34","LU35","LU36","LU37","LU38","LU39","LU40","LU41","LU42","LU43","LU44","LU45","LU46","LU47","LU48","LU49","LU50","LU51","LU52","LU53","NW05","NW06","NW07","NW08","NW09","NW10","OW03","SG03b","SG12","SG33","SG34","SG35","SG36","SG37","SG38","SG39","SG40","SG41","SG42","SG43","SG44","SG45","SG46","SG47","SG48","SG49","SG50","SG51","SG52","SG53","SG54","SG55","SG56","SG57","SG58","SG59","SG60","SG61","SG62","SG63","SG64","SG65","SG66","SG67","SG68","SG69","SG70","SG71","SG72","SG73","SG74","SG75","SG76","SG77","SG78","SG79","SG80","SG81","SG82","SG83","SG84","SG85","SG86","SG87","SG88","SG89","SG90","SG91","SG92","SG93","SG94","SG95","SG96","SG97","SG98","SG99","SH04","SH05","SH06","SH07","SH08","SH09","SH10","SH11","SH12","SH13","SH14","SH15","SH16","SH17","SH18","SH19","SH20","SH21","SH22","SH23","SH24","SH25","SH26","SO09","SO10","SO11","SO12","SO13","SO14","SO15","SO16","SO17","SZ09","SZ10","SZ11","SZ12","SZ13","SZ14","SZ15","SZ16","SZ17","SZ18","SZ19","SZ20","SZ21","SZ22","SZ23","SZ24","SZ25","SZ26","SZ27","TG08","UR02","UR03","UR04","UR05","UR06","UR07","VD11","ZG04","ZG05","ZG06","ZG07","ZG08","ZG09","ZG10","ZH25","ZH26","ZH27","ZH28","ZH29","ZH30","ZH31","ZH32","ZH33","ZH34","ZH35","ZH36","ZH38","ZH39","ZH40","ZH53"]},{"name":"2_closed or not yet opened","group":"1940","list":["AG96","BL14","BS14","BS17","GE03","GE06","GE08","GE09","GE10","GE11","GE12","JU01","JU03","LU08","VD04c","VD10","VS02","ZG03","ZH19b","ZH47","ZH60"]},{"name":"3_open but not included in directory","group":"1940","list":["AG97","AG99","AI04","AR24","AR25","BE02","BE03a","BE03b","BE42","BE50","BE51","BE54","BE55","BE61","BE62","BE63","BE66","BE67","BE68","BE69","BE70","BL05","BL15","BS07","BS10","BS11","BS13","FR01c","FR01d","GR01","GR01ba","GR01bb","GR05","JU02","LU01a","LU07","NW02","NW03","NW04","SG03a","SG30","SH02","SH03","SO01a","SO01b","TG06","TG07","VD04a","VD04b","VS08","VS10","ZH04a","ZH04b","ZH04c","ZH09","ZH10","ZH19a","ZH51","ZH54","ZH55","ZH57","ZH58","ZH59"]},{"name":"4_open and included in directory","group":"1940","list":["AG02","AG03","AG04","AG05","AG06","AG07","AG08","AG09","AG10","AG11","AG12","AG13","AG14","AG15","AG16","AG17","AG18","AG94","AG95","AG98","AI03","AR01","AR02","AR03","AR04","AR20","BE01","BE02a","BE02b","BE02c","BE02d","BE02e","BE03","BE04","BE05","BE06","BE07","BE08","BE09","BE10","BE11","BE12","BE13","BE14","BE15","BE16","BE17","BE18","BE19","BE20","BE21","BE22","BE23","BE24","BE25","BE26","BE27","BE28","BE29","BE30","BE31","BE32","BE33","BE34","BE35","BE36","BE37","BE38","BE39","BE40","BE41","BE43","BE44","BE45","BE46","BE47","BE48","BE49","BE52","BE53","BE64","BE65","BL01","BL03","BL04","BL06","BL07","BL08","BL09","BL10","BS01","BS02","BS03","BS04","BS05","BS06","BS08","BS09","BS12","FR01","FR02","FR03","FR04","FR05","FR06","FR07","FR09","FR10","FR11","FR12","FR13","FR14","FR15","FR16","GE01","GE02","GE05","GE07","GL01","GR01a","GR01b","GR03","GR04","LU01","LU02","LU03","LU04","LU05","LU09","LU10","LU11","LU12","LU13","NE01","NE02","NE03","NE04","NE05","NE06","NE07","NE08","NE09","NW01","OW01","OW02","SG01","SG02","SG03","SG04","SG05","SG06","SG07","SG08","SG09","SG10","SG11","SG14","SG15","SG16","SG17","SG18","SG19","SG20","SG21","SG22","SG23","SG24","SG25","SG26","SG27","SG28","SG29","SG31","SG32","SH01","SO01","SO02","SO03","SO04","SO05","SO06","SO07","SO08","SZ01","SZ02","SZ03","SZ04","SZ05","SZ06","SZ07","TG01","TG02","TG03","TG04","TG05","TG09","TG10","TG11","TG12","TG13","TG14","TG15","TG16","TI01","TI02","TI03","TI04","TI05","TI06","TI07","UR01","VD01","VD02","VD03","VD04","VD05","VD06","VD07","VD08","VD09","VD12","VD13","VD14","VD15","VD16","VD17","VD18","VD19","VD20","VD21","VD22","VD23","VD24","VD25","VD26","VD27","VS01","VS03","VS04","VS05","VS06","VS07","VS09","ZG01","ZG02","ZH01","ZH02","ZH03","ZH04","ZH05","ZH06","ZH07","ZH08","ZH11","ZH12","ZH13","ZH14","ZH15","ZH16","ZH17","ZH18","ZH19","ZH20","ZH21","ZH22","ZH23","ZH24","ZH37","ZH41","ZH42","ZH43","ZH44","ZH45","ZH46","ZH48","ZH49","ZH50","ZH51","ZH52","ZH56"]},{"name":"1_uncertain","group":"1954","list":["AG01","AG100","AG19","AG20","AG21","AG22","AG23","AG24","AG25","AG26","AG27","AG28","AG29","AG30","AG31","AG32","AG33","AG34","AG35","AG36","AG37","AG38","AG39","AG40","AG41","AG42","AG43","AG44","AG45","AG46","AG47","AG48","AG49","AG50","AG51","AG52","AG53","AG54","AG55","AG56","AG57","AG58","AG59","AG60","AG61","AG62","AG63","AG64","AG65","AG66","AG67","AG68","AG69","AG70","AG71","AG72","AG73","AG74","AG75","AG76","AG77","AG78","AG79","AG80","AG81","AG82","AG83","AG84","AG85","AG86","AG87","AG88","AG89","AG90","AG91","AG92","AG93","AI01","AI02","AR05","AR06","AR07","AR08","AR09","AR10","AR11","AR12","AR13","AR14","AR15","AR16","AR17","AR18","AR19","AR20","AR21","AR22","AR23","BE56","BE57","BE58","BE59","BE60","BL11","BL12","BL13","BS15","FR01a","FR01b","FR05","FR06","FR08","GE02","GE04","GE13","GE14","GE15","LU06","LU14","LU15","LU16","LU17","LU18","LU19","LU20","LU21","LU22","LU23","LU24","LU25","LU26","LU27","LU28","LU29","LU30","LU31","LU32","LU33","LU34","LU35","LU36","LU37","LU38","LU39","LU40","LU41","LU42","LU43","LU44","LU45","LU46","LU47","LU48","LU49","LU50","LU51","LU52","LU53","NW05","NW06","NW07","NW08","NW09","NW10","OW03","SG03b","SG12","SG33","SG34","SG35","SG36","SG37","SG38","SG39","SG40","SG41","SG42","SG43","SG44","SG45","SG46","SG47","SG48","SG49","SG50","SG51","SG52","SG53","SG54","SG55","SG56","SG57","SG58","SG59","SG60","SG61","SG62","SG63","SG64","SG65","SG66","SG67","SG68","SG69","SG70","SG71","SG72","SG73","SG74","SG75","SG76","SG77","SG78","SG79","SG80","SG81","SG82","SG83","SG84","SG85","SG86","SG87","SG88","SG89","SG90","SG91","SG92","SG93","SG94","SG95","SG96","SG97","SG98","SG99","SH04","SH05","SH06","SH07","SH08","SH09","SH10","SH11","SH12","SH13","SH14","SH15","SH16","SH17","SH18","SH19","SH20","SH21","SH22","SH23","SH24","SH25","SH26","SO09","SO10","SO11","SO12","SO13","SO14","SO15","SO16","SO17","SZ09","SZ10","SZ11","SZ12","SZ13","SZ14","SZ15","SZ16","SZ17","SZ18","SZ19","SZ20","SZ21","SZ22","SZ23","SZ24","SZ25","SZ26","SZ27","UR02","UR03","UR04","UR05","UR06","UR07","VD11","ZG04","ZG05","ZG06","ZG07","ZG08","ZG09","ZG10","ZH25","ZH26","ZH27","ZH28","ZH29","ZH30","ZH31","ZH32","ZH33","ZH34","ZH35","ZH36","ZH37","ZH38","ZH39","ZH40"]},{"name":"2_closed or not yet opened","group":"1954","list":["AG96","BL14","BS10","BS14","FR01c","GE03","GE06","GE08","GE09","GE10","GE11","GE12","JU01","JU03","LU01a","LU08","OW01","VD04c","VD10","VS02","ZG03","ZH06","ZH19b","ZH41","ZH47","ZH53","ZH56","ZH60"]},{"name":"3_open but not included in directory","group":"1954","list":["AG97","AG99","AI04","AR24","AR25","BE02","BE03a","BE03b","BE08","BE42","BE50","BE51","BE54","BE55","BE61","BE62","BE63","BE66","BE67","BE68","BE69","BE70","BL05","BL15","BS06","BS07","BS11","BS12","BS13","BS16","BS17","FR01d","FR09","GR01a","GR01b","GR01ba","GR01bb","GR04","GR05","JU02","LU07","NW01","NW02","NW03","NW04","SG03a","SG08","SG11","SG16","SG30","SH02","SH03","SO01a","SO01b","TG06","TG08","TI01","TI02","VD04a","VD04b","VD05","VD06","VD08","VD09","VS05","VS08","VS10","ZH04a","ZH04b","ZH04c","ZH09","ZH10","ZH19a","ZH48","ZH51","ZH51","ZH52","ZH54","ZH55","ZH57","ZH58","ZH59"]},{"name":"4_open and included in directory","group":"1954","list":["AG02","AG03","AG04","AG05","AG06","AG07","AG08","AG09","AG10","AG11","AG12","AG13","AG14","AG15","AG16","AG17","AG18","AG94","AG95","AG98","AI03","AR01","AR02","AR03","AR04","BE01","BE02a","BE02b","BE02c","BE02d","BE02e","BE03","BE04","BE05","BE06","BE07","BE09","BE10","BE11","BE12","BE13","BE14","BE15","BE16","BE17","BE18","BE19","BE20","BE21","BE22","BE23","BE24","BE25","BE26","BE27","BE28","BE29","BE30","BE31","BE32","BE33","BE34","BE35","BE36","BE37","BE38","BE39","BE40","BE41","BE43","BE44","BE45","BE46","BE47","BE48","BE49","BE52","BE53","BE64","BE65","BL01","BL03","BL04","BL06","BL07","BL08","BL09","BL10","BS01","BS02","BS03","BS04","BS05","BS08","BS09","FR01","FR02","FR03","FR04","FR07","FR10","FR11","FR12","FR13","FR14","FR15","FR16","GE01","GE05","GE07","GL01","GR01","GR03","LU01","LU02","LU03","LU04","LU05","LU09","LU10","LU11","LU12","LU13","NE01","NE02","NE03","NE04","NE05","NE06","NE07","NE08","NE09","OW02","SG01","SG02","SG03","SG04","SG05","SG06","SG07","SG09","SG10","SG14","SG15","SG17","SG18","SG19","SG20","SG21","SG22","SG23","SG24","SG25","SG26","SG27","SG28","SG29","SG31","SG32","SH01","SO01","SO02","SO03","SO04","SO05","SO06","SO07","SO08","SZ01","SZ02","SZ03","SZ04","SZ05","SZ06","SZ07","TG01","TG02","TG03","TG04","TG05","TG07","TG09","TG10","TG11","TG12","TG13","TG14","TG15","TG16","TI03","TI04","TI05","TI06","TI07","UR01","VD01","VD02","VD03","VD04","VD07","VD12","VD13","VD14","VD15","VD16","VD17","VD18","VD19","VD20","VD21","VD22","VD23","VD24","VD25","VD26","VD27","VS01","VS03","VS04","VS06","VS07","VS09","ZG01","ZG02","ZH01","ZH02","ZH03","ZH04","ZH05","ZH07","ZH08","ZH11","ZH12","ZH13","ZH14","ZH15","ZH16","ZH17","ZH18","ZH19","ZH20","ZH21","ZH22","ZH23","ZH24","ZH42","ZH43","ZH44","ZH45","ZH46","ZH49","ZH50"]},{"name":"1_uncertain","group":"1965","list":["AG01","AG100","AG19","AG20","AG21","AG22","AG23","AG24","AG25","AG26","AG27","AG28","AG29","AG30","AG31","AG32","AG33","AG34","AG35","AG36","AG37","AG38","AG39","AG40","AG41","AG42","AG43","AG44","AG45","AG46","AG47","AG48","AG49","AG50","AG51","AG52","AG53","AG54","AG55","AG56","AG57","AG58","AG59","AG60","AG61","AG62","AG63","AG64","AG65","AG66","AG67","AG68","AG69","AG70","AG71","AG72","AG73","AG74","AG75","AG76","AG77","AG78","AG79","AG80","AG81","AG82","AG83","AG84","AG85","AG86","AG87","AG88","AG89","AG90","AG91","AG92","AG93","AI01","AI02","AR05","AR06","AR07","AR08","AR09","AR10","AR11","AR12","AR13","AR14","AR15","AR16","AR17","AR18","AR19","AR21","AR22","AR23","BE56","BE57","BE58","BE59","BE60","BL11","BL12","BL13","FR01a","FR01b","FR05","FR06","FR08","GE02","GE04","GE13","GR01bb","LU06","LU14","LU15","LU16","LU17","LU18","LU19","LU20","LU21","LU22","LU23","LU24","LU25","LU26","LU27","LU28","LU29","LU30","LU31","LU32","LU33","LU34","LU35","LU36","LU37","LU38","LU39","LU40","LU41","LU42","LU43","LU44","LU45","LU46","LU47","LU48","LU49","LU50","LU51","LU52","LU53","NW02","NW05","NW06","NW07","NW08","NW09","NW10","OW03","SG03b","SG12","SG33","SG34","SG35","SG36","SG37","SG38","SG39","SG40","SG41","SG42","SG43","SG44","SG45","SG46","SG47","SG48","SG49","SG50","SG51","SG52","SG53","SG54","SG55","SG56","SG57","SG58","SG59","SG60","SG61","SG62","SG63","SG64","SG65","SG66","SG67","SG68","SG69","SG70","SG71","SG72","SG73","SG74","SG75","SG76","SG77","SG78","SG79","SG80","SG81","SG82","SG83","SG84","SG85","SG86","SG87","SG88","SG89","SG90","SG91","SG92","SG93","SG94","SG95","SG96","SG97","SG98","SG99","SH04","SH05","SH06","SH07","SH08","SH09","SH10","SH11","SH12","SH13","SH14","SH15","SH16","SH17","SH18","SH19","SH20","SH21","SH22","SH23","SH24","SH25","SH26","SO09","SO10","SO11","SO12","SO13","SO14","SO15","SO16","SO17","SZ09","SZ10","SZ11","SZ12","SZ13","SZ14","SZ15","SZ16","SZ17","SZ18","SZ19","SZ20","SZ21","SZ22","SZ23","SZ24","SZ25","SZ26","SZ27","UR02","UR03","UR04","UR05","UR06","UR07","VD11","ZG04","ZG05","ZG06","ZG07","ZG08","ZG09","ZG10","ZH25","ZH26","ZH27","ZH28","ZH29","ZH30","ZH31","ZH32","ZH33","ZH34","ZH35","ZH36","ZH37","ZH38","ZH39","ZH40"]},{"name":"2_closed or not yet opened","group":"1965","list":["BL14","BS10","BS14","FR01c","GE03","GE08","GE09","GE10","GE11","GE12","JU01","JU03","LU01a","OW01","SG07","SO01a","VD04c","VD10","VS02","ZG03","ZH06","ZH19b","ZH41","ZH47","ZH53","ZH56"]},{"name":"3_open but not included in directory","group":"1965","list":["AI04","AR25","BE02","BE03","BE50","BL05","BS06","BS11","BS12","BS13","FR01d","GR01","GR01ba","GR04","GR05","JU02","LU07","NW01","NW04","SG03a","SG08","SG11","SG16","SG30","SO01b","TG06","TI01","TI02","VD04a","VD04b","VD05","VD06","VD09","VS05","ZH04a","ZH04b","ZH04c","ZH09","ZH19a","ZH48","ZH51","ZH51","ZH52","ZH55"]},{"name":"4_open and included in directory","group":"1965","list":["AG02","AG03","AG04","AG05","AG06","AG07","AG08","AG09","AG10","AG11","AG12","AG13","AG14","AG15","AG16","AG17","AG18","AG94","AG95","AG96","AG97","AG98","AG99","AI03","AR01","AR02","AR03","AR04","AR20","AR24","BE01","BE02a","BE02b","BE02c","BE02d","BE02e","BE03a","BE03b","BE04","BE05","BE06","BE07","BE08","BE09","BE10","BE11","BE12","BE13","BE14","BE15","BE16","BE17","BE18","BE19","BE20","BE21","BE22","BE23","BE24","BE25","BE26","BE27","BE28","BE29","BE30","BE31","BE32","BE33","BE34","BE35","BE36","BE37","BE38","BE39","BE40","BE41","BE42","BE43","BE44","BE45","BE46","BE47","BE48","BE49","BE51","BE52","BE53","BE54","BE55","BE61","BE62","BE63","BE64","BE65","BE66","BE67","BE68","BE69","BE70","BL01","BL03","BL04","BL06","BL07","BL08","BL09","BL10","BL15","BS01","BS02","BS03","BS04","BS05","BS07","BS08","BS09","BS15","BS16","BS17","FR01","FR02","FR03","FR04","FR07","FR09","FR10","FR11","FR12","FR13","FR14","FR15","FR16","GE01","GE05","GE06","GE07","GE14","GE15","GL01","GR01a","GR01b","GR03","LU01","LU02","LU03","LU04","LU05","LU08","LU09","LU10","LU11","LU12","LU13","NE01","NE02","NE03","NE04","NE05","NE06","NE07","NE08","NE09","NW03","OW02","SG01","SG02","SG03","SG04","SG05","SG06","SG09","SG10","SG14","SG15","SG17","SG18","SG19","SG20","SG21","SG22","SG23","SG24","SG25","SG26","SG27","SG28","SG29","SG31","SG32","SH01","SH02","SH03","SO01","SO02","SO03","SO04","SO05","SO06","SO07","SO08","SZ01","SZ02","SZ03","SZ04","SZ05","SZ06","SZ07","TG01","TG02","TG03","TG04","TG05","TG07","TG08","TG09","TG10","TG11","TG12","TG13","TG14","TG15","TG16","TI03","TI04","TI05","TI06","TI07","UR01","VD01","VD02","VD03","VD04","VD07","VD08","VD12","VD13","VD14","VD15","VD16","VD17","VD18","VD19","VD20","VD21","VD22","VD23","VD24","VD25","VD26","VD27","VS01","VS03","VS04","VS06","VS07","VS08","VS09","VS10","ZG01","ZG02","ZH01","ZH02","ZH03","ZH04","ZH05","ZH07","ZH08","ZH10","ZH11","ZH12","ZH13","ZH14","ZH15","ZH16","ZH17","ZH18","ZH19","ZH20","ZH21","ZH22","ZH23","ZH24","ZH42","ZH43","ZH44","ZH45","ZH46","ZH49","ZH50","ZH54","ZH57","ZH58","ZH59","ZH60"]},{"name":"1_uncertain","group":"1980","list":["AG01","AG100","AG18","AG19","AG20","AG21","AG22","AG23","AG24","AG25","AG26","AG27","AG28","AG29","AG30","AG31","AG32","AG33","AG34","AG35","AG36","AG37","AG38","AG39","AG40","AG41","AG42","AG43","AG44","AG45","AG46","AG47","AG48","AG49","AG50","AG51","AG52","AG53","AG54","AG55","AG56","AG57","AG58","AG59","AG60","AG61","AG62","AG63","AG64","AG65","AG66","AG67","AG68","AG69","AG70","AG71","AG72","AG73","AG74","AG75","AG76","AG77","AG78","AG79","AG80","AG81","AG82","AG83","AG84","AG85","AG86","AG87","AG88","AG89","AG90","AG91","AG92","AG93","AI01","AI02","AR05","AR06","AR07","AR08","AR09","AR10","AR11","AR12","AR13","AR14","AR15","AR16","AR17","AR18","AR19","AR21","AR22","AR23","BE56","BE57","BE58","BE59","BE60","BE64","BS02","BS03","FR01a","FR01b","FR03","FR04","FR05","FR06","FR07","FR08","FR09","GE02","GE03","GE04","GE07","GE13","GE15","LU06","LU14","LU15","LU16","LU17","LU18","LU19","LU20","LU21","LU22","LU23","LU24","LU25","LU26","LU27","LU28","LU29","LU30","LU31","LU32","LU33","LU34","LU35","LU36","LU37","LU38","LU39","LU40","LU41","LU42","LU43","LU44","LU45","LU46","LU47","LU48","LU49","LU50","LU51","LU52","LU53","NW05","NW06","NW07","NW08","NW09","NW10","OW03","SG03b","SG12","SG26","SG33","SG34","SG35","SG36","SG37","SG38","SG39","SG40","SG41","SG42","SG43","SG44","SG45","SG46","SG47","SG48","SG49","SG50","SG51","SG52","SG53","SG54","SG55","SG56","SG57","SG58","SG59","SG60","SG61","SG62","SG63","SG64","SG65","SG66","SG67","SG68","SG69","SG70","SG71","SG72","SG73","SG74","SG75","SG76","SG77","SG78","SG79","SG80","SG81","SG82","SG83","SG84","SG85","SG86","SG87","SG88","SG89","SG90","SG91","SG92","SG93","SG94","SG95","SG96","SG97","SG98","SG99","SH04","SH05","SH06","SH07","SH08","SH09","SH10","SH11","SH12","SH13","SH14","SH15","SH16","SH17","SH18","SH19","SH20","SH21","SH22","SH23","SH24","SH25","SH26","SO09","SO10","SO11","SO12","SO13","SO14","SO15","SO16","SO17","SZ09","SZ10","SZ11","SZ12","SZ13","SZ14","SZ15","SZ16","SZ17","SZ18","SZ19","SZ20","SZ21","SZ22","SZ23","SZ24","SZ25","SZ26","SZ27","TG09","TG10","TG11","TG12","TG13","TG14","TG15","TG16","TI06","UR02","UR03","UR04","UR05","UR06","UR07","VD11","VD20","VD23","VD25","VS07","VS08","VS09","VS10","ZG04","ZG05","ZG06","ZG07","ZG08","ZG09","ZG10","ZH25","ZH26","ZH27","ZH28","ZH29","ZH30","ZH31","ZH32","ZH33","ZH34","ZH35","ZH36","ZH37","ZH38","ZH39","ZH40","ZH49"]},{"name":"2_closed or not yet opened","group":"1980","list":["AR24","AR25","BE51","BE62","BL04","BS10","BS15","BS17","FR01c","FR01d","GE05","GR01bb","LU01","LU01a","NE03","NE09","NW02","OW01","SG07","SO01a","TG03","TI01","VD02","VD09","VD12","VD13","VD15","VD16","VD22","VD24","VS04","ZH06","ZH41","ZH47","ZH53","ZH56","ZH57"]},{"name":"3_open but not included in directory","group":"1980","list":["AG03","AG04","AG05","AG07","AG14","AG17","AG94","AG96","AG97","AG98","AG99","AR02","AR03","AR04","BE02a","BE02b","BE02c","BE02d","BE02e","BE03a","BE03b","BE05","BE06","BE07","BE08","BE09","BE10","BE20","BE33","BE35","BE41","BE42","BE43","BE44","BE45","BE46","BE47","BE48","BE49","BE50","BE52","BE53","BE54","BE55","BE61","BE63","BE65","BE66","BE67","BE68","BE69","BE70","BL01","BL03","BL05","BL10","BL15","BS01","BS04","BS05","BS06","BS07","BS08","BS11","BS12","BS13","BS16","FR02","GE01","GE14","GR01","GR01b","GR01ba","GR04","GR05","LU03","LU04","LU05","LU07","LU08","NE01","NE02","NE06","NE07","NE08","NW01","SG02","SG03","SG03a","SG04","SG05","SG08","SG09","SG10","SG11","SG14","SG15","SG16","SG32","SH02","SH03","SO01","SO01b","SO03","SZ01","SZ05","SZ06","TG02","TG05","TG06","TG07","TG08","TI02","TI04","TI05","TI07","VD01","VD03","VD04a","VD04b","VD05","VD06","VD07","VD08","VD14","VS05","VS06","ZG02","ZH02","ZH03","ZH04","ZH04a","ZH05","ZH07","ZH09","ZH10","ZH11","ZH19","ZH23","ZH24","ZH42","ZH43","ZH44","ZH45","ZH46","ZH48","ZH50","ZH51","ZH51","ZH52","ZH54","ZH55","ZH58","ZH59","ZH60"]},{"name":"4_open and included in directory","group":"1980","list":["AG02","AG06","AG08","AG09","AG10","AG11","AG12","AG13","AG15","AG16","AG95","AI03","AI04","AR01","AR20","BE01","BE02","BE03","BE04","BE11","BE12","BE13","BE14","BE15","BE16","BE17","BE18","BE19","BE21","BE22","BE23","BE24","BE25","BE26","BE27","BE28","BE29","BE30","BE31","BE32","BE34","BE36","BE37","BE38","BE39","BE40","BL06","BL07","BL08","BL09","BL11","BL12","BL13","BL14","BS09","BS14","FR01","FR10","FR11","FR12","FR13","FR14","FR15","FR16","GE06","GE08","GE09","GE10","GE11","GE12","GL01","GR01a","GR03","JU01","JU02","JU03","LU02","LU09","LU10","LU11","LU12","LU13","NE04","NE05","NW03","NW04","OW02","SG01","SG06","SG17","SG18","SG19","SG20","SG21","SG22","SG23","SG24","SG25","SG27","SG28","SG29","SG30","SG31","SH01","SO02","SO04","SO05","SO06","SO07","SO08","SZ02","SZ03","SZ04","SZ07","TG01","TG04","TI03","UR01","VD04","VD04c","VD10","VD17","VD18","VD19","VD21","VD26","VD27","VS01","VS02","VS03","ZG01","ZG03","ZH01","ZH04b","ZH04c","ZH08","ZH12","ZH13","ZH14","ZH15","ZH16","ZH17","ZH18","ZH19a","ZH19b","ZH20","ZH21","ZH22"]}],"links":[{"source":0,"target":7,"value":9,"list":["AR20","BS01","FR03","FR04","TI06","VD25","VS01","VS07","VS09"]},{"source":0,"target":4,"value":5,"list":["BL11","BL12","BL13","GE14","GE15"]},{"source":1,"target":5,"value":19,"list":["AG96","BL14","BS14","BS17","GE06","GE08","GE09","GE10","GE11","GE12","JU01","JU03","LU08","VD04c","VD10","VS02","ZG03","ZH19b","ZH60"]},{"source":1,"target":4,"value":3,"list":["BS15","BS16","TG08"]},{"source":1,"target":7,"value":4,"list":["GE07","GR03","TI03","VS04"]},{"source":2,"target":7,"value":178,"list":["AG02","AG06","AG08","AG09","AG10","AG11","AG12","AG13","AG14","AG15","AG16","AG17","AG18","AG98","AI03","AR04","BE02a","BE02b","BE02c","BE02d","BE10","BE11","BE12","BE13","BE14","BE15","BE16","BE17","BE18","BE19","BE20","BE21","BE22","BE23","BE24","BE25","BE26","BE27","BE28","BE29","BE30","BE31","BE32","BE33","BE34","BE35","BE36","BE37","BE38","BE39","BE40","BE43","BE44","BE45","BE46","BE48","BE52","BE53","BE64","BE65","BL06","BL07","BL08","BL09","BS05","BS09","FR01","FR02","FR09","FR10","FR11","FR12","FR13","FR14","FR15","FR16","GE05","GL01","LU02","LU03","LU09","LU10","LU11","LU12","LU13","NE04","NE05","NE06","NE07","NE08","NE09","OW02","SG03","SG04","SG07","SG09","SG14","SG17","SG18","SG19","SG20","SG21","SG22","SG23","SG24","SG25","SG26","SG27","SG28","SG29","SG31","SG32","SH01","SO02","SO04","SO05","SO06","SO07","SO08","SZ02","SZ03","SZ04","SZ05","SZ06","SZ07","TG03","TG04","TG05","TG09","TG10","TG11","TG12","TG13","TG14","TG15","TG16","TI04","TI05","TI07","UR01","VD03","VD04","VD07","VD08","VD12","VD13","VD14","VD15","VD16","VD17","VD18","VD19","VD20","VD21","VD22","VD23","VD24","VD26","VD27","VS03","VS06","ZG02","ZH04","ZH12","ZH13","ZH14","ZH15","ZH16","ZH17","ZH18","ZH19","ZH20","ZH21","ZH22","ZH43","ZH50","ZH51","ZH56"]},{"source":2,"target":6,"value":38,"list":["AG97","AG99","AI04","AR24","BE02","BE03a","BE03b","BE42","BE51","BE54","BE55","BE61","BE62","BE63","BE66","BE67","BE68","BE69","BE70","BL15","BS07","GR01","JU02","NW03","NW04","SG30","SH02","SH03","TG07","VS08","VS10","ZH04b","ZH04c","ZH19a","ZH51","ZH54","ZH57","ZH58","ZH59"]},{"source":3,"target":4,"value":305,"list":["AG01","AG100","AG19","AG20","AG21","AG22","AG23","AG24","AG25","AG26","AG27","AG28","AG29","AG30","AG31","AG32","AG33","AG34","AG35","AG36","AG37","AG38","AG39","AG40","AG41","AG42","AG43","AG44","AG45","AG46","AG47","AG48","AG49","AG50","AG51","AG52","AG53","AG54","AG55","AG56","AG57","AG58","AG59","AG60","AG61","AG62","AG63","AG64","AG65","AG66","AG67","AG68","AG69","AG70","AG71","AG72","AG73","AG74","AG75","AG76","AG77","AG78","AG79","AG80","AG81","AG82","AG83","AG84","AG85","AG86","AG87","AG88","AG89","AG90","AG91","AG92","AG93","AI01","AI02","AR05","AR06","AR07","AR08","AR09","AR10","AR11","AR12","AR13","AR14","AR15","AR16","AR17","AR18","AR19","AR21","AR22","AR23","BE56","BE57","BE58","BE59","BE60","FR01a","FR01b","FR08","GE04","GE13","LU06","LU14","LU15","LU16","LU17","LU18","LU19","LU20","LU21","LU22","LU23","LU24","LU25","LU26","LU27","LU28","LU29","LU30","LU31","LU32","LU33","LU34","LU35","LU36","LU37","LU38","LU39","LU40","LU41","LU42","LU43","LU44","LU45","LU46","LU47","LU48","LU49","LU50","LU51","LU52","LU53","NW05","NW06","NW07","NW08","NW09","NW10","OW03","SG03b","SG12","SG33","SG34","SG35","SG36","SG37","SG38","SG39","SG40","SG41","SG42","SG43","SG44","SG45","SG46","SG47","SG48","SG49","SG50","SG51","SG52","SG53","SG54","SG55","SG56","SG57","SG58","SG59","SG60","SG61","SG62","SG63","SG64","SG65","SG66","SG67","SG68","SG69","SG70","SG71","SG72","SG73","SG74","SG75","SG76","SG77","SG78","SG79","SG80","SG81","SG82","SG83","SG84","SG85","SG86","SG87","SG88","SG89","SG90","SG91","SG92","SG93","SG94","SG95","SG96","SG97","SG98","SG99","SH04","SH05","SH06","SH07","SH08","SH09","SH10","SH11","SH12","SH13","SH14","SH15","SH16","SH17","SH18","SH19","SH20","SH21","SH22","SH23","SH24","SH25","SH26","SO09","SO10","SO11","SO12","SO13","SO14","SO15","SO16","SO17","SZ09","SZ10","SZ11","SZ12","SZ13","SZ14","SZ15","SZ16","SZ17","SZ18","SZ19","SZ20","SZ21","SZ22","SZ23","SZ24","SZ25","SZ26","SZ27","UR02","UR03","UR04","UR05","UR06","UR07","VD11","ZG04","ZG05","ZG06","ZG07","ZG08","ZG09","ZG10","ZH25","ZH26","ZH27","ZH28","ZH29","ZH30","ZH31","ZH32","ZH33","ZH34","ZH35","ZH36","ZH38","ZH39","ZH40","ZH53"]},{"source":3,"target":7,"value":89,"list":["AG03","AG04","AG05","AG07","AG94","AG95","AR01","AR02","AR03","BE01","BE02e","BE03","BE04","BE05","BE06","BE07","BE08","BE09","BE41","BE47","BE49","BL01","BL03","BL04","BL10","BS02","BS03","BS04","BS06","BS08","BS12","FR05","FR06","FR07","GE01","GE02","GR01a","GR01b","GR04","LU01","LU04","LU05","NE01","NE02","NE03","NW01","OW01","SG01","SG02","SG05","SG06","SG08","SG10","SG11","SG15","SG16","SO01","SO03","SZ01","TG01","TG02","TI01","TI02","VD01","VD02","VD05","VD06","VD09","VS05","ZG01","ZH01","ZH02","ZH03","ZH05","ZH06","ZH07","ZH08","ZH11","ZH23","ZH24","ZH37","ZH41","ZH42","ZH44","ZH45","ZH46","ZH48","ZH49","ZH51","ZH52"]},{"source":3,"target":5,"value":2,"list":["GE03","ZH47"]},{"source":3,"target":6,"value":25,"list":["AR25","BE50","BL05","BS10","BS11","BS13","FR01c","FR01d","GR01ba","GR01bb","GR05","LU01a","LU07","NW02","SG03a","SO01a","SO01b","TG06","VD04a","VD04b","ZH04a","ZH09","ZH10","ZH51","ZH55"]},{"source":7,"target":8,"value":5,"list":["AR20","FR05","FR06","GE02","ZH37"]},{"source":7,"target":11,"value":250,"list":["AG02","AG03","AG04","AG05","AG06","AG07","AG08","AG09","AG10","AG11","AG12","AG13","AG14","AG15","AG16","AG17","AG18","AG94","AG95","AG98","AI03","AR01","AR02","AR03","AR04","BE01","BE02a","BE02b","BE02c","BE02d","BE02e","BE03","BE04","BE05","BE06","BE07","BE09","BE10","BE11","BE12","BE13","BE14","BE15","BE16","BE17","BE18","BE19","BE20","BE21","BE22","BE23","BE24","BE25","BE26","BE27","BE28","BE29","BE30","BE31","BE32","BE33","BE34","BE35","BE36","BE37","BE38","BE39","BE40","BE41","BE43","BE44","BE45","BE46","BE47","BE48","BE49","BE52","BE53","BE64","BE65","BL01","BL03","BL04","BL06","BL07","BL08","BL09","BL10","BS01","BS02","BS03","BS04","BS05","BS08","BS09","FR01","FR02","FR03","FR04","FR07","FR10","FR11","FR12","FR13","FR14","FR15","FR16","GE01","GE05","GE07","GL01","GR03","LU01","LU02","LU03","LU04","LU05","LU09","LU10","LU11","LU12","LU13","NE01","NE02","NE03","NE04","NE05","NE06","NE07","NE08","NE09","OW02","SG01","SG02","SG03","SG04","SG05","SG06","SG07","SG09","SG10","SG14","SG15","SG17","SG18","SG19","SG20","SG21","SG22","SG23","SG24","SG25","SG26","SG27","SG28","SG29","SG31","SG32","SH01","SO01","SO02","SO03","SO04","SO05","SO06","SO07","SO08","SZ01","SZ02","SZ03","SZ04","SZ05","SZ06","SZ07","TG01","TG02","TG03","TG04","TG05","TG09","TG10","TG11","TG12","TG13","TG14","TG15","TG16","TI03","TI04","TI05","TI06","TI07","UR01","VD01","VD02","VD03","VD04","VD07","VD12","VD13","VD14","VD15","VD16","VD17","VD18","VD19","VD20","VD21","VD22","VD23","VD24","VD25","VD26","VD27","VS01","VS03","VS04","VS06","VS07","VS09","ZG01","ZG02","ZH01","ZH02","ZH03","ZH04","ZH05","ZH07","ZH08","ZH11","ZH12","ZH13","ZH14","ZH15","ZH16","ZH17","ZH18","ZH19","ZH20","ZH21","ZH22","ZH23","ZH24","ZH42","ZH43","ZH44","ZH45","ZH46","ZH49","ZH50"]},{"source":7,"target":10,"value":21,"list":["BE08","BS06","BS12","FR09","GR01a","GR01b","GR04","NW01","SG08","SG11","SG16","TI01","TI02","VD05","VD06","VD08","VD09","VS05","ZH48","ZH51","ZH52"]},{"source":7,"target":9,"value":4,"list":["OW01","ZH06","ZH41","ZH56"]},{"source":4,"target":8,"value":310,"list":["AG01","AG100","AG19","AG20","AG21","AG22","AG23","AG24","AG25","AG26","AG27","AG28","AG29","AG30","AG31","AG32","AG33","AG34","AG35","AG36","AG37","AG38","AG39","AG40","AG41","AG42","AG43","AG44","AG45","AG46","AG47","AG48","AG49","AG50","AG51","AG52","AG53","AG54","AG55","AG56","AG57","AG58","AG59","AG60","AG61","AG62","AG63","AG64","AG65","AG66","AG67","AG68","AG69","AG70","AG71","AG72","AG73","AG74","AG75","AG76","AG77","AG78","AG79","AG80","AG81","AG82","AG83","AG84","AG85","AG86","AG87","AG88","AG89","AG90","AG91","AG92","AG93","AI01","AI02","AR05","AR06","AR07","AR08","AR09","AR10","AR11","AR12","AR13","AR14","AR15","AR16","AR17","AR18","AR19","AR21","AR22","AR23","BE56","BE57","BE58","BE59","BE60","BL11","BL12","BL13","BS15","FR01a","FR01b","FR08","GE04","GE13","GE14","GE15","LU06","LU14","LU15","LU16","LU17","LU18","LU19","LU20","LU21","LU22","LU23","LU24","LU25","LU26","LU27","LU28","LU29","LU30","LU31","LU32","LU33","LU34","LU35","LU36","LU37","LU38","LU39","LU40","LU41","LU42","LU43","LU44","LU45","LU46","LU47","LU48","LU49","LU50","LU51","LU52","LU53","NW05","NW06","NW07","NW08","NW09","NW10","OW03","SG03b","SG12","SG33","SG34","SG35","SG36","SG37","SG38","SG39","SG40","SG41","SG42","SG43","SG44","SG45","SG46","SG47","SG48","SG49","SG50","SG51","SG52","SG53","SG54","SG55","SG56","SG57","SG58","SG59","SG60","SG61","SG62","SG63","SG64","SG65","SG66","SG67","SG68","SG69","SG70","SG71","SG72","SG73","SG74","SG75","SG76","SG77","SG78","SG79","SG80","SG81","SG82","SG83","SG84","SG85","SG86","SG87","SG88","SG89","SG90","SG91","SG92","SG93","SG94","SG95","SG96","SG97","SG98","SG99","SH04","SH05","SH06","SH07","SH08","SH09","SH10","SH11","SH12","SH13","SH14","SH15","SH16","SH17","SH18","SH19","SH20","SH21","SH22","SH23","SH24","SH25","SH26","SO09","SO10","SO11","SO12","SO13","SO14","SO15","SO16","SO17","SZ09","SZ10","SZ11","SZ12","SZ13","SZ14","SZ15","SZ16","SZ17","SZ18","SZ19","SZ20","SZ21","SZ22","SZ23","SZ24","SZ25","SZ26","SZ27","UR02","UR03","UR04","UR05","UR06","UR07","VD11","ZG04","ZG05","ZG06","ZG07","ZG08","ZG09","ZG10","ZH25","ZH26","ZH27","ZH28","ZH29","ZH30","ZH31","ZH32","ZH33","ZH34","ZH35","ZH36","ZH38","ZH39","ZH40"]},{"source":4,"target":10,"value":2,"list":["BS16","TG08"]},{"source":4,"target":9,"value":1,"list":["ZH53"]},{"source":5,"target":9,"value":20,"list":["AG96","BL14","BS14","GE03","GE06","GE08","GE09","GE10","GE11","GE12","JU01","JU03","LU08","VD04c","VD10","VS02","ZG03","ZH19b","ZH47","ZH60"]},{"source":5,"target":10,"value":1,"list":["BS17"]},{"source":6,"target":10,"value":58,"list":["AG97","AG99","AI04","AR24","AR25","BE02","BE03a","BE03b","BE42","BE50","BE51","BE54","BE55","BE61","BE62","BE63","BE66","BE67","BE68","BE69","BE70","BL05","BL15","BS07","BS11","BS13","FR01d","GR01ba","GR01bb","GR05","JU02","LU07","NW02","NW03","NW04","SG03a","SG30","SH02","SH03","SO01a","SO01b","TG06","VD04a","VD04b","VS08","VS10","ZH04a","ZH04b","ZH04c","ZH09","ZH10","ZH19a","ZH51","ZH54","ZH55","ZH57","ZH58","ZH59"]},{"source":6,"target":11,"value":2,"list":["GR01","TG07"]},{"source":6,"target":9,"value":3,"list":["BS10","FR01c","LU01a"]},{"source":8,"target":15,"value":4,"list":["AR20","BS15","GE14","GE15"]},{"source":8,"target":12,"value":311,"list":["AG01","AG100","AG19","AG20","AG21","AG22","AG23","AG24","AG25","AG26","AG27","AG28","AG29","AG30","AG31","AG32","AG33","AG34","AG35","AG36","AG37","AG38","AG39","AG40","AG41","AG42","AG43","AG44","AG45","AG46","AG47","AG48","AG49","AG50","AG51","AG52","AG53","AG54","AG55","AG56","AG57","AG58","AG59","AG60","AG61","AG62","AG63","AG64","AG65","AG66","AG67","AG68","AG69","AG70","AG71","AG72","AG73","AG74","AG75","AG76","AG77","AG78","AG79","AG80","AG81","AG82","AG83","AG84","AG85","AG86","AG87","AG88","AG89","AG90","AG91","AG92","AG93","AI01","AI02","AR05","AR06","AR07","AR08","AR09","AR10","AR11","AR12","AR13","AR14","AR15","AR16","AR17","AR18","AR19","AR21","AR22","AR23","BE56","BE57","BE58","BE59","BE60","BL11","BL12","BL13","FR01a","FR01b","FR05","FR06","FR08","GE02","GE04","GE13","LU06","LU14","LU15","LU16","LU17","LU18","LU19","LU20","LU21","LU22","LU23","LU24","LU25","LU26","LU27","LU28","LU29","LU30","LU31","LU32","LU33","LU34","LU35","LU36","LU37","LU38","LU39","LU40","LU41","LU42","LU43","LU44","LU45","LU46","LU47","LU48","LU49","LU50","LU51","LU52","LU53","NW05","NW06","NW07","NW08","NW09","NW10","OW03","SG03b","SG12","SG33","SG34","SG35","SG36","SG37","SG38","SG39","SG40","SG41","SG42","SG43","SG44","SG45","SG46","SG47","SG48","SG49","SG50","SG51","SG52","SG53","SG54","SG55","SG56","SG57","SG58","SG59","SG60","SG61","SG62","SG63","SG64","SG65","SG66","SG67","SG68","SG69","SG70","SG71","SG72","SG73","SG74","SG75","SG76","SG77","SG78","SG79","SG80","SG81","SG82","SG83","SG84","SG85","SG86","SG87","SG88","SG89","SG90","SG91","SG92","SG93","SG94","SG95","SG96","SG97","SG98","SG99","SH04","SH05","SH06","SH07","SH08","SH09","SH10","SH11","SH12","SH13","SH14","SH15","SH16","SH17","SH18","SH19","SH20","SH21","SH22","SH23","SH24","SH25","SH26","SO09","SO10","SO11","SO12","SO13","SO14","SO15","SO16","SO17","SZ09","SZ10","SZ11","SZ12","SZ13","SZ14","SZ15","SZ16","SZ17","SZ18","SZ19","SZ20","SZ21","SZ22","SZ23","SZ24","SZ25","SZ26","SZ27","UR02","UR03","UR04","UR05","UR06","UR07","VD11","ZG04","ZG05","ZG06","ZG07","ZG08","ZG09","ZG10","ZH25","ZH26","ZH27","ZH28","ZH29","ZH30","ZH31","ZH32","ZH33","ZH34","ZH35","ZH36","ZH37","ZH38","ZH39","ZH40"]},{"source":11,"target":15,"value":249,"list":["AG02","AG03","AG04","AG05","AG06","AG07","AG08","AG09","AG10","AG11","AG12","AG13","AG14","AG15","AG16","AG17","AG18","AG94","AG95","AG98","AI03","AR01","AR02","AR03","AR04","BE01","BE02a","BE02b","BE02c","BE02d","BE02e","BE04","BE05","BE06","BE07","BE09","BE10","BE11","BE12","BE13","BE14","BE15","BE16","BE17","BE18","BE19","BE20","BE21","BE22","BE23","BE24","BE25","BE26","BE27","BE28","BE29","BE30","BE31","BE32","BE33","BE34","BE35","BE36","BE37","BE38","BE39","BE40","BE41","BE43","BE44","BE45","BE46","BE47","BE48","BE49","BE52","BE53","BE64","BE65","BL01","BL03","BL04","BL06","BL07","BL08","BL09","BL10","BS01","BS02","BS03","BS04","BS05","BS08","BS09","FR01","FR02","FR03","FR04","FR07","FR10","FR11","FR12","FR13","FR14","FR15","FR16","GE01","GE05","GE07","GL01","GR03","LU01","LU02","LU03","LU04","LU05","LU09","LU10","LU11","LU12","LU13","NE01","NE02","NE03","NE04","NE05","NE06","NE07","NE08","NE09","OW02","SG01","SG02","SG03","SG04","SG05","SG06","SG09","SG10","SG14","SG15","SG17","SG18","SG19","SG20","SG21","SG22","SG23","SG24","SG25","SG26","SG27","SG28","SG29","SG31","SG32","SH01","SO01","SO02","SO03","SO04","SO05","SO06","SO07","SO08","SZ01","SZ02","SZ03","SZ04","SZ05","SZ06","SZ07","TG01","TG02","TG03","TG04","TG05","TG07","TG09","TG10","TG11","TG12","TG13","TG14","TG15","TG16","TI03","TI04","TI05","TI06","TI07","UR01","VD01","VD02","VD03","VD04","VD07","VD12","VD13","VD14","VD15","VD16","VD17","VD18","VD19","VD20","VD21","VD22","VD23","VD24","VD25","VD26","VD27","VS01","VS03","VS04","VS06","VS07","VS09","ZG01","ZG02","ZH01","ZH02","ZH03","ZH04","ZH05","ZH07","ZH08","ZH11","ZH12","ZH13","ZH14","ZH15","ZH16","ZH17","ZH18","ZH19","ZH20","ZH21","ZH22","ZH23","ZH24","ZH42","ZH43","ZH44","ZH45","ZH46","ZH49","ZH50"]},{"source":11,"target":14,"value":2,"list":["BE03","GR01"]},{"source":11,"target":13,"value":1,"list":["SG07"]},{"source":9,"target":15,"value":4,"list":["AG96","GE06","LU08","ZH60"]},{"source":9,"target":13,"value":24,"list":["BL14","BS10","BS14","FR01c","GE03","GE08","GE09","GE10","GE11","GE12","JU01","JU03","LU01a","OW01","VD04c","VD10","VS02","ZG03","ZH06","ZH19b","ZH41","ZH47","ZH53","ZH56"]},{"source":10,"target":15,"value":37,"list":["AG97","AG99","AR24","BE03a","BE03b","BE08","BE42","BE51","BE54","BE55","BE61","BE62","BE63","BE66","BE67","BE68","BE69","BE70","BL15","BS07","BS16","BS17","FR09","GR01a","GR01b","NW03","SH02","SH03","TG08","VD08","VS08","VS10","ZH10","ZH54","ZH57","ZH58","ZH59"]},{"source":10,"target":14,"value":42,"list":["AI04","AR25","BE02","BE50","BL05","BS06","BS11","BS12","BS13","FR01d","GR01ba","GR04","GR05","JU02","LU07","NW01","NW04","SG03a","SG08","SG11","SG16","SG30","SO01b","TG06","TI01","TI02","VD04a","VD04b","VD05","VD06","VD09","VS05","ZH04a","ZH04b","ZH04c","ZH09","ZH19a","ZH48","ZH51","ZH52","ZH55"]},{"source":10,"target":12,"value":2,"list":["GR01bb","NW02"]},{"source":10,"target":13,"value":1,"list":["SO01a"]},{"source":15,"target":19,"value":122,"list":["AG02","AG06","AG08","AG09","AG10","AG11","AG12","AG13","AG15","AG16","AG95","AI03","AR01","AR20","BE01","BE04","BE11","BE12","BE13","BE14","BE15","BE16","BE17","BE18","BE19","BE21","BE22","BE23","BE24","BE25","BE26","BE27","BE28","BE29","BE30","BE31","BE32","BE34","BE36","BE37","BE38","BE39","BE40","BL06","BL07","BL08","BL09","BS09","FR01","FR10","FR11","FR12","FR13","FR14","FR15","FR16","GE06","GL01","GR01a","GR03","LU02","LU09","LU10","LU11","LU12","LU13","NE04","NE05","NW03","OW02","SG01","SG06","SG17","SG18","SG19","SG20","SG21","SG22","SG23","SG24","SG25","SG27","SG28","SG29","SG31","SH01","SO02","SO04","SO05","SO06","SO07","SO08","SZ02","SZ03","SZ04","SZ07","TG01","TG04","TI03","UR01","VD04","VD17","VD18","VD19","VD21","VD26","VD27","VS01","VS03","ZG01","ZH01","ZH08","ZH12","ZH13","ZH14","ZH15","ZH16","ZH17","ZH18","ZH20","ZH21","ZH22"]},{"source":15,"target":16,"value":28,"list":["AG18","BE64","BS02","BS03","FR03","FR04","FR07","FR09","GE07","GE15","SG26","TG09","TG10","TG11","TG12","TG13","TG14","TG15","TG16","TI06","VD20","VD23","VD25","VS07","VS08","VS09","VS10","ZH49"]},{"source":15,"target":18,"value":124,"list":["AG03","AG04","AG05","AG07","AG14","AG17","AG94","AG96","AG97","AG98","AG99","AR02","AR03","AR04","BE02a","BE02b","BE02c","BE02d","BE02e","BE03a","BE03b","BE05","BE06","BE07","BE08","BE09","BE10","BE20","BE33","BE35","BE41","BE42","BE43","BE44","BE45","BE46","BE47","BE48","BE49","BE52","BE53","BE54","BE55","BE61","BE63","BE65","BE66","BE67","BE68","BE69","BE70","BL01","BL03","BL10","BL15","BS01","BS04","BS05","BS07","BS08","BS16","FR02","GE01","GE14","GR01b","LU03","LU04","LU05","LU08","NE01","NE02","NE06","NE07","NE08","SG02","SG03","SG04","SG05","SG09","SG10","SG14","SG15","SG32","SH02","SH03","SO01","SO03","SZ01","SZ05","SZ06","TG02","TG05","TG07","TG08","TI04","TI05","TI07","VD01","VD03","VD07","VD08","VD14","VS06","ZG02","ZH02","ZH03","ZH04","ZH05","ZH07","ZH10","ZH11","ZH19","ZH23","ZH24","ZH42","ZH43","ZH44","ZH45","ZH46","ZH50","ZH54","ZH58","ZH59","ZH60"]},{"source":15,"target":17,"value":20,"list":["AR24","BE51","BE62","BL04","BS15","BS17","GE05","LU01","NE03","NE09","TG03","VD02","VD12","VD13","VD15","VD16","VD22","VD24","VS04","ZH57"]},{"source":12,"target":19,"value":3,"list":["BL11","BL12","BL13"]},{"source":12,"target":16,"value":308,"list":["AG01","AG100","AG19","AG20","AG21","AG22","AG23","AG24","AG25","AG26","AG27","AG28","AG29","AG30","AG31","AG32","AG33","AG34","AG35","AG36","AG37","AG38","AG39","AG40","AG41","AG42","AG43","AG44","AG45","AG46","AG47","AG48","AG49","AG50","AG51","AG52","AG53","AG54","AG55","AG56","AG57","AG58","AG59","AG60","AG61","AG62","AG63","AG64","AG65","AG66","AG67","AG68","AG69","AG70","AG71","AG72","AG73","AG74","AG75","AG76","AG77","AG78","AG79","AG80","AG81","AG82","AG83","AG84","AG85","AG86","AG87","AG88","AG89","AG90","AG91","AG92","AG93","AI01","AI02","AR05","AR06","AR07","AR08","AR09","AR10","AR11","AR12","AR13","AR14","AR15","AR16","AR17","AR18","AR19","AR21","AR22","AR23","BE56","BE57","BE58","BE59","BE60","FR01a","FR01b","FR05","FR06","FR08","GE02","GE04","GE13","LU06","LU14","LU15","LU16","LU17","LU18","LU19","LU20","LU21","LU22","LU23","LU24","LU25","LU26","LU27","LU28","LU29","LU30","LU31","LU32","LU33","LU34","LU35","LU36","LU37","LU38","LU39","LU40","LU41","LU42","LU43","LU44","LU45","LU46","LU47","LU48","LU49","LU50","LU51","LU52","LU53","NW05","NW06","NW07","NW08","NW09","NW10","OW03","SG03b","SG12","SG33","SG34","SG35","SG36","SG37","SG38","SG39","SG40","SG41","SG42","SG43","SG44","SG45","SG46","SG47","SG48","SG49","SG50","SG51","SG52","SG53","SG54","SG55","SG56","SG57","SG58","SG59","SG60","SG61","SG62","SG63","SG64","SG65","SG66","SG67","SG68","SG69","SG70","SG71","SG72","SG73","SG74","SG75","SG76","SG77","SG78","SG79","SG80","SG81","SG82","SG83","SG84","SG85","SG86","SG87","SG88","SG89","SG90","SG91","SG92","SG93","SG94","SG95","SG96","SG97","SG98","SG99","SH04","SH05","SH06","SH07","SH08","SH09","SH10","SH11","SH12","SH13","SH14","SH15","SH16","SH17","SH18","SH19","SH20","SH21","SH22","SH23","SH24","SH25","SH26","SO09","SO10","SO11","SO12","SO13","SO14","SO15","SO16","SO17","SZ09","SZ10","SZ11","SZ12","SZ13","SZ14","SZ15","SZ16","SZ17","SZ18","SZ19","SZ20","SZ21","SZ22","SZ23","SZ24","SZ25","SZ26","SZ27","UR02","UR03","UR04","UR05","UR06","UR07","VD11","ZG04","ZG05","ZG06","ZG07","ZG08","ZG09","ZG10","ZH25","ZH26","ZH27","ZH28","ZH29","ZH30","ZH31","ZH32","ZH33","ZH34","ZH35","ZH36","ZH37","ZH38","ZH39","ZH40"]},{"source":12,"target":17,"value":2,"list":["GR01bb","NW02"]},{"source":13,"target":19,"value":14,"list":["BL14","BS14","GE08","GE09","GE10","GE11","GE12","JU01","JU03","VD04c","VD10","VS02","ZG03","ZH19b"]},{"source":13,"target":17,"value":11,"list":["BS10","FR01c","LU01a","OW01","SG07","SO01a","ZH06","ZH41","ZH47","ZH53","ZH56"]},{"source":13,"target":16,"value":1,"list":["GE03"]},{"source":14,"target":19,"value":9,"list":["AI04","BE02","BE03","JU02","NW04","SG30","ZH04b","ZH04c","ZH19a"]},{"source":14,"target":18,"value":31,"list":["BE50","BL05","BS06","BS11","BS12","BS13","GR01","GR01ba","GR04","GR05","LU07","NW01","SG03a","SG08","SG11","SG16","SO01b","TG06","TI02","VD04a","VD04b","VD05","VD06","VS05","ZH04a","ZH09","ZH48","ZH51","ZH52","ZH55"]},{"source":14,"target":17,"value":4,"list":["AR25","FR01d","TI01","VD09"]}]}
