{
    "1933":
    {
        "nodes": [
        {
            "id": "7",
            "label": "poor house",
            "count": 306
        },
        {
            "id": "3",
            "label": "educational institution",
            "count": 50
        },
        {
            "id": "2",
            "label": "forced labour institution (semi-open)",
            "count": 10
        },
        {
            "id": "4",
            "label": "asylum for alcoholics",
            "count": 17
        },
        {
            "id": "6",
            "label": "psychiatric facility",
            "count": 16
        },
        {
            "id": "1",
            "label": "forced labour institution (restricted)",
            "count": 30
        },
        {
            "id": "5",
            "label": "prison",
            "count": 11
        },
        {
            "id": "8",
            "label": "institution for people with special needs",
            "count": 3
        }],
        "edges": [
        {
            "source": 0,
            "target": 4,
            "weight": 6
        },
        {
            "source": 0,
            "target": 2,
            "weight": 5
        },
        {
            "source": 0,
            "target": 3,
            "weight": 3
        },
        {
            "source": 3,
            "target": 4,
            "weight": 3
        },
        {
            "source": 0,
            "target": 1,
            "weight": 3
        },
        {
            "source": 1,
            "target": 3,
            "weight": 1
        },
        {
            "source": 0,
            "target": 6,
            "weight": 3
        }]
    },
    "1940":
    {
        "nodes": [
        {
            "id": "5",
            "label": "prison",
            "count": 166
        },
        {
            "id": "3",
            "label": "educational institution",
            "count": 70
        },
        {
            "id": "2",
            "label": "forced labour institution (semi-open)",
            "count": 10
        },
        {
            "id": "4",
            "label": "asylum for alcoholics",
            "count": 18
        },
        {
            "id": "6",
            "label": "psychiatric facility",
            "count": 19
        },
        {
            "id": "1",
            "label": "forced labour institution (restricted)",
            "count": 22
        },
        {
            "id": "7",
            "label": "poor house",
            "count": 6
        },
        {
            "id": "8",
            "label": "institution for people with special needs",
            "count": 6
        }],
        "edges": [
        {
            "source": 0,
            "target": 4,
            "weight": 8
        },
        {
            "source": 0,
            "target": 2,
            "weight": 9
        },
        {
            "source": 0,
            "target": 3,
            "weight": 4
        },
        {
            "source": 3,
            "target": 4,
            "weight": 4
        },
        {
            "source": 0,
            "target": 1,
            "weight": 2
        },
        {
            "source": 0,
            "target": 6,
            "weight": 3
        },
        {
            "source": 2,
            "target": 7,
            "weight": 5
        },
        {
            "source": 2,
            "target": 5,
            "weight": 1
        },
        {
            "source": 2,
            "target": 3,
            "weight": 2
        },
        {
            "source": 2,
            "target": 4,
            "weight": 2
        },
        {
            "source": 1,
            "target": 2,
            "weight": 1
        },
        {
            "source": 3,
            "target": 5,
            "weight": 1
        },
        {
            "source": 1,
            "target": 3,
            "weight": 2
        },
        {
            "source": 1,
            "target": 4,
            "weight": 2
        }]
    },
    "1954":
    {
        "nodes": [
        {
            "id": "5",
            "label": "prison",
            "count": 165
        },
        {
            "id": "3",
            "label": "educational institution",
            "count": 54
        },
        {
            "id": "2",
            "label": "forced labour institution (semi-open)",
            "count": 9
        },
        {
            "id": "4",
            "label": "asylum for alcoholics",
            "count": 14
        },
        {
            "id": "6",
            "label": "psychiatric facility",
            "count": 15
        },
        {
            "id": "1",
            "label": "forced labour institution (restricted)",
            "count": 19
        },
        {
            "id": "7",
            "label": "poor house",
            "count": 2
        },
        {
            "id": "8",
            "label": "institution for people with special needs",
            "count": 5
        }],
        "edges": [
        {
            "source": 0,
            "target": 4,
            "weight": 6
        },
        {
            "source": 0,
            "target": 2,
            "weight": 8
        },
        {
            "source": 0,
            "target": 3,
            "weight": 2
        },
        {
            "source": 3,
            "target": 4,
            "weight": 2
        },
        {
            "source": 0,
            "target": 6,
            "weight": 2
        },
        {
            "source": 0,
            "target": 1,
            "weight": 2
        },
        {
            "source": 2,
            "target": 7,
            "weight": 5
        },
        {
            "source": 2,
            "target": 5,
            "weight": 1
        },
        {
            "source": 2,
            "target": 4,
            "weight": 2
        },
        {
            "source": 2,
            "target": 3,
            "weight": 1
        },
        {
            "source": 1,
            "target": 2,
            "weight": 1
        },
        {
            "source": 1,
            "target": 3,
            "weight": 1
        },
        {
            "source": 1,
            "target": 4,
            "weight": 1
        }]
    },
    "1965":
    {
        "nodes": [
        {
            "id": "5",
            "label": "prison",
            "count": 168
        },
        {
            "id": "3",
            "label": "educational institution",
            "count": 83
        },
        {
            "id": "2",
            "label": "forced labour institution (semi-open)",
            "count": 10
        },
        {
            "id": "4",
            "label": "asylum for alcoholics",
            "count": 14
        },
        {
            "id": "6",
            "label": "psychiatric facility",
            "count": 18
        },
        {
            "id": "8",
            "label": "institution for people with special needs",
            "count": 11
        },
        {
            "id": "1",
            "label": "forced labour institution (restricted)",
            "count": 19
        },
        {
            "id": "7",
            "label": "poor house",
            "count": 2
        }],
        "edges": [
        {
            "source": 2,
            "target": 7,
            "weight": 8
        },
        {
            "source": 0,
            "target": 4,
            "weight": 7
        },
        {
            "source": 0,
            "target": 2,
            "weight": 7
        },
        {
            "source": 0,
            "target": 6,
            "weight": 1
        },
        {
            "source": 4,
            "target": 6,
            "weight": 1
        },
        {
            "source": 0,
            "target": 1,
            "weight": 2
        },
        {
            "source": 5,
            "target": 7,
            "weight": 1
        },
        {
            "source": 2,
            "target": 5,
            "weight": 1
        },
        {
            "source": 0,
            "target": 3,
            "weight": 1
        },
        {
            "source": 3,
            "target": 4,
            "weight": 2
        },
        {
            "source": 1,
            "target": 2,
            "weight": 1
        },
        {
            "source": 1,
            "target": 3,
            "weight": 1
        },
        {
            "source": 1,
            "target": 4,
            "weight": 1
        }]
    },
    "1980":
    {
        "nodes": [
        {
            "id": "5",
            "label": "prison",
            "count": 139
        },
        {
            "id": "1",
            "label": "forced labour institution (restricted)",
            "count": 10
        },
        {
            "id": "2",
            "label": "forced labour institution (semi-open)",
            "count": 2
        },
        {
            "id": "3",
            "label": "educational institution",
            "count": 5
        },
        {
            "id": "8",
            "label": "institution for people with special needs",
            "count": 2
        },
        {
            "id": "4",
            "label": "asylum for alcoholics",
            "count": 3
        }],
        "edges": [
        {
            "source": 0,
            "target": 4,
            "weight": 5
        },
        {
            "source": 1,
            "target": 4,
            "weight": 2
        },
        {
            "source": 0,
            "target": 2,
            "weight": 5
        },
        {
            "source": 0,
            "target": 3,
            "weight": 1
        },
        {
            "source": 3,
            "target": 4,
            "weight": 1
        }]
    }
}