ID	Kanton (Canton)	Ort (city)	Name (institution)	Anstaltstypen: Arbeitsanstalt = 1; Arbeiterkolonie = 2; Erziehungsanstalt = 3; Trinkerheilanstalt = 4; Strafanstalt = 5; Psychiatrische Einrichtung = 6; Armenhaus = 7; Sonderanstalt = 8	Types of institutions: forced labour institution (restricted) = 1; forced labour institution (semi-open) = 2; educational institution = 3; asylum for alcoholics = 4; prison = 5; psychiatric facility = 6; poor house = 7; institution for people with special needs = 8	Types of institutions: forced labour institution (restricted) = 1; forced labour institution (semi-open) = 2; educational institution = 3; asylum for alcoholics = 4; prison = 5; psychiatric facility = 6; poor house = 7; institution for people with special needs = 8	Types of institutions: forced labour institution (restricted) = 1; forced labour institution (semi-open) = 2; educational institution = 3; asylum for alcoholics = 4; prison = 5; psychiatric facility = 6; poor house = 7; institution for people with special needs = 8	Zweck 1933 (Quelle); purpose of the institution according to the source 1933 (Wild Albert)	Zweck 1939 (Quelle) Z=Zuchthaus, G=Gefängnis, H=Haft, V=Verwahrung für Gewohnheitsverbrecher, A=Arbeitserziehungsanstalt, T=Trinkerheilanstalt); purpose of the institution according to the source 1939	Zweck/Spezifikation Pro Juventute 1944; purpose of the institution according to the source 1944	Zweck 1945 (Quelle) ZH=Zuchthaus, G=Gefängnis, H=Haft, V=Verwahrung für Gewohnheitsverbrecher, A=Arbeitserziehungsanstalt, T=Trinkerheilanstalt); purpose of the institution according to the source 1945	Zweck 1954 (Quelle); purpose of the instititution according to the source 1954 (Schwarz Martin)	Trägerschaft (agencies, funded bodies): Staatlich (governmental) = 1; Privat (privately funded) = 2; gemischt (public-private mix) = 3; unbestimmbar (not specified) = 4	Trägerschaft (agencies according to) Wild 1933	Trägerschaft (agencies according to) Pro Juventute 1944	Trägerschaft (agencies according to) Schwarz 1954	Platzzahl (capacities): unter (below) 19 = 1; 20-49 = 2; 50-99 = 3; 100-149 = 4; 150-199 = 5; über (over) 200 = 6; unbestimmt (not specified) = 7	Platzzahl (capacieties according to source) 1933 (Quelle)	Platzzahl (capacities according to source) 1939 (Quelle)	Platzzahl (capacities according to source) Pro Juventute 1944 (Quelle)	Platzzahl (capacities according to source) 1945 (Quelle)	Platzzahl (capacities according to source) 1954 (Quelle)	Geschlecht Insassen (gender ratio): m (male) = 1; w (female) = 2; gemischt (both gender) = 3; unbestimmt (not specified)= 4	Geschlecht (gender ratio according to source) Wild 1933	Geschlecht (gender ratio according to source) 1939 (Quelle)	Geschlecht (gender ratio according to source) 1945 Quelle	Geschlecht  (gender ratio according to source) Pro Juventute 1944	Geschlecht (gender ratio according to source) Schwarz 1954	Konfession (denomination): prot. (Protestants) = 1; kath. (Catholics) = 2; ik (interdenominational) = 3, unbestimmbar (not specified) = 4	Konfession (denomination according to source) Wild 1933	Konfession (denomination according to source) Pro Juventute 1944	Konfession (denomination according to source) Schwarz 1954
AG02	Aargau	Aarau	Bezirksgefängnis Aarau	5					G, H		G bis 1 Mt., H	Untersuchungsgefängnis; Vollzug von Haft- und Gefängnisstrafen bis zu 6 Monaten	1			1	2					20	3					3	3			3
AG03	Aargau	Aarburg	Kantonale Erziehungsanstalt Aarburg	3				Staatliche Erziehungsanstalt für schwererziehbare Jugendliche im Alter von 14 bis 20 Jahren		Schulentlassene Burschen		Erziehung männlicher Jugendlicher (administrativ Versorgte und gerichtlich Verurteilte)	1	1	Staat	1	3	80		80		72	1	1			1	1	3	3	3	3
AG04	Aargau	Muri	Aargauische Arbeiterkolonie Murimoos	2				Aufnahme von: Arbeitslosen, die freiwillig um Aufnahme nachsuchen, Strafentlassenen, die bei der Entlassung noch keine Arbeit haben, Liederlichen oder Arbeitsscheuen, die durch die Gemeindebehörden versorgt werden, leicht Verwahrbaren, die richterlich oder administrativ eingewiesen werden.				Arbeitserziehungsanstalt; Arbeiterkolonie für Arbeitslose, die sich freiwillig melden, Strafentlassene, Arbeitsscheue und leicht Verwahrbare; Vom Kanton benutzte Anstalt für administrative Versorgungen.	1			2	4	70				120	1	1				1	3	3		3
AG05	Aargau	Holderbank	Effingerhort, Von Effinger-Stiftung	4				Sie hat den Zweck, Männer, welche im Alkohol unterzugehen drohen, für eine bestimmte Zeit (Minimum: 12 Monate) aufzunehmen und sie, wenn irgend möglich, ihren Familien als nüchterne, brauchbare, pflichttreue Männer wieder zurückzugeben.	A, T			Heilstätte für alkoholkranke Männer; Von verschiedenen Kantonen benutzte Anstalt für die Verwahrung von Gewohnheitstrinkern nach Art. 44 StGB.	2	2		2	2	30				45	1	1				1	4	1		3
AG06	Aargau	Brugg	Bezirksgefängnis Brugg	5					G, H		G bis 1 Mt., H	Untersuchungsgefängnis für korrektionelle Strafverfahren; Vollzug von Haft- und Gefängnisstrafen bis zu 30 Tagen	1			1	1					13	3					3	3			3
AG07	Aargau	Birr	Schweizerisches Pestalozziheim Neuhof	3				Erziehung und Berufslehre von Knaben des nachschulpflichtigen Alters.		14–20 Jahre		Anstalt für schwererziehbare männliche Jugendliche aus der ganzen Schweiz	2	2	Stiftung	2	3	50		ca. 70		75	1	1			1	1	3	3	3	3
AG08	Aargau	Baden	Bezirksgefängnis Baden	5					G, H		G bis 1 Mt., H	Untersuchungsgefängnis für korrektionelle Strafverfahren; Vollzug von Haft- und Gefängnisstrafen bis zu 30 Tagen	1			1	1					15	3					3	3			3
AG09	Aargau	Bremgarten	Bezirksgefängnis Bremgarten	5					G, H		G bis 1 Mt., H	Untersuchungsgefängnis für korrektionelle Strafverfahren; Vollzug von Haft- und Gefängnisstrafen bis zu 30 Tagen	1			1	1					10	3					3	3			3
AG10	Aargau	Laufenburg	Bezirksgefängnis Laufenburg	5					G, H		G bis 1 Mt., H	Untersuchungsgefängnis für korrektionelle Strafverfahren; Vollzug von Haft- und Gefängnisstrafen bis zu 30 Tagen	1			1	1					7	3					3	3			3
AG11	Aargau	Lenzburg	Bezirksgefängnis Lenzburg	5					G, H		G bis 1 Mt., H	Untersuchungsgefängnis für korrektionelle Strafverfahren; Vollzug von Haft- und Gefängnisstrafen bis zu 30 Tagen	1			1	1					8	3					3	3			3
AG12	Aargau	Muri	Bezirksgefängnis Muri	5					G, H		G bis 1 Mt., H	Untersuchungsgefängnis für korrektionelle Strafverfahren; Vollzug von Haft- und Gefängnisstrafen bis zu 30 Tagen	1			1	1					10	3					3	3			3
AG13	Aargau	Rheinfelden	Bezirksgefängnis Rheinfelden	5					G, H		G bis 1 Mt., H	Untersuchungsgefängnis für korrektionelle Strafverfahren; Vollzug von Haft- und Gefängnisstrafen bis zu 30 Tagen	1			1	1					12	3					3	3			3
AG14	Aargau	Unterkulm	Bezirksgefängnis Unterkulm	5					G, H		G bis 1 Mt., H	Untersuchungsgefängnis für korrektionelle Strafverfahren; Vollzug von Haft- und Gefängnisstrafen bis zu 30 Tagen	1			1	1					11	3					3	3			3
AG15	Aargau	Zofingen	Bezirksgefängnis Zofingen	5					G, H		G bis 1 Mt., H	Untersuchungsgefängnis; Vollzug von Haft- und Gefängnisstrafen bis zu 4 Wochen	1			1	1					15	3					3	3			3
AG16	Aargau	Zurzach	Bezirksgefängnis Zurzach	5					G, H		G bis 1 Mt., H	Untersuchungsgefängnis für korrektionelle Strafverfahren; Vollzug von Haft- und Gefängnisstrafen bis zu 30 Tagen	1			1	1					10	3					3	3			3
AG17	Aargau	Biberstein	Erziehungsheim Schloss Biberstein	3								Erziehung Schwachbegabter; Vom Kanton benutzte Anstalt für administrative Einweisungen im Sinne des Massnahmenvollzugs.	4			4	3					72	3					3	3			3
AG18	Aargau	Klingnau	Erziehungsheim St. Johann	3								Betreuung und Erziehung vorschul- und schulpflichtiger Kinder sowie Jugendlicher, die aus irgend einem Grunde nicht in der Familie erzogen werden können; Internatsschule; Vom Kanton benutzte Anstalt für die administrative Versorgung Jugendlicher beiderlei Geschlechts.	2			2	4					110	3					3	3			3
AG94	Aargau	Königsfelden	Heil- und Pflegeanstalt Königsfelden	6				Gegründet 1866 und eröffnet 1872, erweitert durch Neubauten 1907/1908. Eigenes Anstaltsgebäude mit Raum für 800 Personen. Zur Anstalt gehört ferner die ehemalige Pflegeanstalt Königsfelden (in den Gebäuden des alten Franziskanerklosters), wo zur Zeit 150 unheilbare Geisteskranke untergebracht sind. Sie ist der Irrenanstalt angegliedert und steht unter der gleichen Direktion. (…) Aufnahme finden Geisteskranke aus dem Kanton und Kantonsfremde, soweit Raum. Bedingungen: Aufnahmegesuche nach Formular, ärztliches Zeugnis und Kostengarantie. Für Kranke, die auf Veranlassung der nächsten Angehörigen, respektive Vormünder oder Gemeindebehörden aufgenommen werden, überdies: 1. schriftliche Erklärung nach Formular und Bezeichnung der Klasse; 2. amtlicher Vermögens- und Einkommens-Ausweis nach Formular; 3. Garantieschein nach Formular und ärztlicher Bericht nach Formular.				Heil- und Pflegeanstalt; Vom Kanton benützte Anstalt für Verwahrung von Unzurechenfähigen nach Art. 14/15 StGB.	1			1	6	800				815	3	3				3	3	3		3
AG95	Aargau	Lenzburg	Kantonale Strafanstalt Lenzburg	5				Verbunden mit der Strafanstalt. Besteht laut Gesetz vom 19. Februar 1868 und ist für Personen beiderlei Geschlechts als abgesonderte Abteilung der Strafanstalt Lenzburg eingerichtet und unter deren Verwaltung gestellt. Zweck: pflichtvergessene Eltern, Müssiggänger, Landstreicher und Trinker an ein geordnetes Leben und Pflichterfüllung zu gewöhnen. (…) Zur Stellung von Begehren um Versetzung in die Anstalt sind die Armenbehörden, die Gemeinderäte, die Kirchenpflegen, die Eltern und die Vormünder berechtigt, jedoch nur nach vorausgegangener fruchtloser Warnung an die Betreffenden. Das Bezirksgericht des Heimatortes entscheidet über die gestellten Begehren und bestimmt in jedem einzelnen Falle die Dauer der Detention, erstmals auf 6-18 Monate und im Wiederholungsfalle von 1-3 Jahren.	Z, G, A, ev. V		ZH, G, V	Gefängnis; Zuchthaus; gerichtliche Verwahrung	1			1	6	50 (nur Zwangsarbeitsanstalt)	233		240	280	3	3				3	3			3
AG98	Aargau	Olsberg	Staatliche Pestalozzistiftung Olsberg	3								Erziehung schwererziehbarer Knaben und Jugendlicher; Die meisten Jugendlichen kommen nach der Schulentlassung oder Konfirmation von Olsberg fort, jedoch bleiben diejenigen in der Anstalt bis zum 18. und 19. Altersjahr interniert, die in der Nähe eine Lehre begonnen haben.	4			4	3					50	1					1	3			3
AI03	Appenzell Innerrhoden	Appenzell	Gefängnis im Rathaus	5					G, H			Untersuchungsgefängnis	1			1	1		11				3					3	3			3
AR01	Appenzell Ausserrhoden	Gmünden bei Teufen	Zwangsarbeits- und Strafanstalt Gmünden	1	5			Staatsanstalt. Zweck: a) Personen, die bei anerkannter Arbeitsfähigkeit einem liederlichen, ausschweifenden oder arbeitsscheuen Lebenswandel sich hingeben und daher der Bürgergemeinde zur Last fallen, oder welche unter besondere Aufsicht gestellt werden müssen, oder solche, die ihre Familienpflichten nicht erfüllen oder die in den Armenhäusern die Ordnung erschweren, zu strenger Arbeit anzuhalten und womöglich wieder an ein tätiges und geregeltes Leben zu gewöhnen; b) Personen, welche von den Gerichten zu Gefängnis- oder Arbeitsstrafe verurteilt, und Bussenschuldner, die zum Vollzuge der eventuell ausgesprochenen Gefängnis- oder Arbeitsstrafe überwiesen worden sind, zur Verbüssung ihrer Strafe aufzunehmen und ebenfalls angemessen zu beschäftigen. (…) Über die Aufnahme in die Anstalt entscheidet der Regierungsrat.			ZH, G, H, V	Gefängnis; Zwangsarbeitsanstalt; Arbeitserziehungsanstalt; Anstalt für administrative Versorgungen	1			1	3	50	75		60	45–55	3	3	3			3	3			3
AR02	Appenzell Ausserrhoden	Herisau	Arbeits- und Erziehungsanstalt Kreckelhof	1	3			Gegründet 1915 durch die Gemeinde Herisau, um arbeitsfähigen, aber willensschwachen, unsoliden und pflichtvergessenen Bürgern der Gemeinde Aufnahme zu gewähren, sie im Anstaltsbetrieb angemessen zu beschäftigen und, wenn möglich, wieder zu ordentlichen Bürgern zu erziehen. Die Erstellung der Anstalt ermöglichte ein Bürger von Herisau, Herr Arthur Scheiss in St. Gallen, durch ein grosses Geschenk.				Erziehungsanstalt; Versorgungsanstalt	4			4	2	40				25	4	4				1	3			3
AR03	Appenzell Ausserrhoden	Herisau	Appenzell Ausserrhodische Heil- und Pflegeanstalt Herisau	6				Gegründet durch den Kanton Appenzell A.-Rh. auf Anregung und mit Unterstützung des appenzellischen Hilfsvereins für arme Geisteskranke zur Heilung und Verpflegung von Geisteskranken. (…) Aufnahme finden in erster Linie Kantonsbürger und sodann im Kanton wohnhafte Schweizerbürger. Je ein Flügel des ruhigen Männer- und des entsprechenden Frauenhauses ist für besserbemittelte Kranke eingerichtet (Geistes- und Gemütskranke, Psychopathen, Alkoholiker, Morphiumsüchtige, etc.). Zur Aufnahme ist erforderlich: (…) Für Geisteskranke, welche auf Verlangen ihrer Angehörigen, beziehungsweise der Vormünder oder Gemeindebehörden aufgenommen werden sollen: 1. die schriftliche Erklärung der Angehörigen, Vormünder oder Gemeindebehörden, dass sie die Aufnahme des Kranken verlangen, unter Bezeichnung der Klasse, in welcher er verpflegt werden soll, 2. ein die Geisteskrankheit nachweisendes und die Notwendigkeit der Aufnahme begründendes ärztliches Zeugnis, 3 die zivilstandsamtlichen Angaben der Personalien, 4. Sicherstellung der Zahlung der Verpflegungsgelder, 5. ein amtlicher Vermögens- und Einkommensausweis des betreffenden Kranken, der Eltern oder Unterstützungspflichtigen.				Heil- und Pflegeanstalt; Vom Kanton benützte Anstalt zur Internierung Unzurechenfähigen nach Art. 14/15 StGB.	1			1	6	330					3	3				3	3	3		
AR04	Appenzell Ausserrhoden	Lutzenberg	Lärchenheim Lutzenberg	3								Heim für schwererziehbare, sittlich gefährdete, schutzbedürftige weibliche Jugendliche und Frauen; Nacherziehung im System von Familiengruppen, sogenannten "Clubs". Jeder Club unter Leitung einer Heimmitarbeiterin; Pflege des Familiensinns innerhalb einer grossen Hausgemeinschaft; Beschäftigung im Heim oder in den Textil- und verwandten Industrien der Umgebung. Angegliedert: Kinderhaus für Kleinkinder (durchschnittlich 10 Kinder). Die Mütter dieser Kleinkinder wohnen als Insassinnen im Heim. Möglichkeit, sich nach gewisser Zeit zur Halb- resp. Vollpensionärin mit vermehrten Rechten emporzuarbeiten.	2			2	4					110	2					2	1			1
AR20	Appenzell Ausserrhoden	Trogen	Untersuchungsgefängnis Trogen	5							G bis 8 Tg., H bis 8 Tg.		1			1	7						3						3			3
BE01	Bern	Hindelbank	Arbeits- und Strafanstalt Hindelbank	1	4	5		Errichtet 1889 gemäss Gesetz über kantonale Arbeitsanstalten vom 11. März 1884 zur administrativen Einweisung liederlicher, trunksüchtiger und arbeitsscheuer Frauen zum Zwecke der Wiederaufrichtung durch Arbeit, Seelsorge und geregeltes Leben. Die Anstalt steht unter der kantonalen Polizeidirektion. (…) Seit 1911, dem Brand der Frauenabteilung in St. Johannsen, beherbergt die Anstalt auch die gerichtlich verurteilten weiblichen Sträflinge des Kantons Bern, die jedoch von den Administrativen gesondert gehalten werden. Die Aufnahme der Administrativen geschieht durch Verfügung des Regierungsrates des Kantons Bern auf Grund des Armenpolizeigesetzes vom 1. Dezember 1912 für 6 Monate bis 2 Jahre. (…) Zahl der Insassen: Administrative: durchschnittlich 80, gerichtlich Verurteilte: 20-30.	Z, G		V, ZH, G, A, T	Gefängnis; Zuchthaus; gerichtliche Verwahrung; Verwahrung von Gewohnheitstrinkern; Anstalt für HPA (Art. 14/17 StGB); Anstalt für APG (Kt. Bern vom 1.12.1912)	1			4	4	80			100	100	2					2	3			3
BE07	Bern	Witzwil-Gampelen	Arbeiterheim Tannenhof	1	2			Gegründet 1889 durch einen Verein zu dem Zwecke, mittelst Betrieb eines Landgutes Arbeitsuchenden, sowie entlassenen, oder Arbeit suchenden stellenlosen Sträflingen schweizerischer Nationalität und, soweit Raum, auch Ausländern ein vorübergehendes Heim zu eröffnen, woselbst sie gegen Unterkunft, Verpflegung und Lohn bis zu anderweitiger dauernder Anstellung der landwirtschaftlichen Arbeit obzuliegen haben.				Arbeiterkolonie für Volljährige; Vom Kanton benutzte Anstalt für administrative Versorgungen und Zwangsarbeitseinweisungen; Übergangsheim für zu Entlassende nach Art. 14/17 und 44 StGB. 	2			2	5	150				200	1	1				1	3	1		3
BE02-a	Bern	Diemtigtal	Alpkolonie Kiley	2								Verlegung von Gefangenen aus den Anstalten in Witzwil als Vergünstigung aus gesundheitlichen Rücksichten.	1			1	2					35	1					1	3			3
BE02-b	Bern	Witzwil	Kantonale Strafanstalt Witzwil	5								Untersuchungshaft; Gefängnis; Zuchthaus; Erziehung von männlichen Jugendlicher nach Art. 94 StGB.	1			1	6					220	1					1	3			3
BE02-c	Bern	Witzwil	Arbeitserziehungsanstalt Lindenhof	1	3							Arbeitserziehung nach Art. 43 StGB.; Administrative Einweisungen	1			1	5					160	1					1	3			3
BE02-d	Bern	Witzwil	Trinkerheilanstalt Eschenhof	4								Verwahrung von Gewohnheitstrinkern nach Art. 44	1			1	2					35	1					1	3			3
BE02-e	Bern	Witzwil	Arbeiterkolonie Nusshof	2				1905 durch die Strafanstalt Witzwil als Heim für entlassene Sträflinge, um solchen Entlassenen, die den vernünftigen Gebrauch der wiedererlangten Freiheit sich aneignen wollen, durch kürzeren oder längeren, freiwilligen Aufenthalt eine Übergangsstation darzubieten. Soweit Platz vorhanden, können auch Arbeitslose überhaupt auf ihr Gesuch um Aufnahme Beschäftigung finden.				Arbeiterkolonie für Freiwillige (sog. Kolonisten), Arbeitslose, bedingt Entlassene; Übergangsheim für zu Entlassende nach Art. 14/17 und 44 StGB. 	1			4	2	30				50	1	1				1	3	3		3
BE03	Bern	Le Landeron	Arbeitsanstalt St. Johannsen	1	5			Staatsanstalt zur Besserung liederlicher, arbeitsscheuer männlicher Personen (Gesetz vom 1. Dezember 1912 über die Armenpolizei und die Arbeits-Enthaltungsanstalten). (…) Durchschnittlich 240 Männer.	V, A		adm. V, H über 1 Mt.	Haftgefängnis; Arbeitserziehungsanstalt; Administrative Versorgungen	1			1	6	300			298	300	1					1	3			3
BE04	Bern	Krauchthal	Kantonale Strafanstalt Thorberg	5				Gegründet 1849 als Zucht- und Korrektionshaus für kriminell und korrektionell Verurteilte. Sie steht unter Aufsicht der kantonalen Polizeidirektion, respektive deren Gefängniskommission. (…) Durchschnittlicher Bestand: 180 (Männer).	Z, G		V, ZH, G	a) Gefängnis für Rückfällige; b) Zuchthaus für Strafen von mehr als 3 Jahren; c) gerichtliche Verwahrung	1			1	6	260			244	250	1					1	3			3
BE05	Bern	Langnau im Emmental	Anstalt Bärau	7				Gegründet 1898 durch die Gemeinden des Amtsbezirks Signau zur Aufnahme und würdigen Versorgung erwachsener Personen, welche der öffentlichen Versorgung durch die beteiligten Gemeinden und dem Staat anheimgefallen sind. Grundsätzlich ausgeschlossen sind: unruhige Geisteskranke, schwere Epileptiker, mit ansteckenden Krankheiten Behaftete und unverbesserliche Störefriede, sofern diese in einer Arbeitsanstalt Unterkunft finden können. Aufgenommen werden ferner Freiwillige, Bevormundete und Rekonvaleszenten, soweit es der Raum gestattet.				Armen-Verpflegungsanstalt; Vom Kanton benutzte Anstalt für Verwahrung und Versorgung nach Art. 17 StGB und nach Art. 25 und 66 des EG zum StGB.	4	1		2	6	410				550	3					3	3	3		3
BE06	Bern	Kirchlindach	Bernische Heilstätte Nüchtern	4				Männern, welche der Trunksucht anheimgefallen sind, durch geeignete Pflege Heilung zu vermitteln und sie an eine nüchterne, geordnete Lebensweise zu gewöhnen. Diesen Zweck sucht sie zu erreichen: a) durch vollständige Enthaltsamkeit von allen geistigen Getränken; b) durch eine einfache, gesunde und nahrhafte Kost; c) durch Gewöhnung an regelmässige Arbeit in Landwirtschaft, Werkstätten, Haus und Garten; d) durch sittlich-religiöse Einwirkung und Belehrung.				Heilstätte für Alkoholkranke; Von verschiedenen Kantonen benutzte Anstalt für die Internierung von Gewohnheitstrinkern nach Art. 44 StGB.	2			2	3	40				50	1					1	1	1		1
BE08	Bern	Sonvilier	Anstalt Prés-aux-boeufs Sonvilier	1	7			Gegründet 1900 durch den Staat als Erziehungsanstalt für Knaben, 1931 dem Verpflegungsheim Worben verpachtet und umgewandelt in ein Versorgungsheim für jurassische ältere, arme, eventuell auch böswillige Pfleglinge.					1			1	3	50					3	3					3	3		
BE09	Bern	Prêles	Erziehungsheim für Jugendliche Tessenberg	3				Nacherziehung Gefährdeter und Verwahrloster.		14–20 Jahre (ev. 20)	Erz. Jugendl.	Gerichtliche Verwahrung; Administrative Versorgung; Erziehungsanstalt für Jugendliche	1		Staat	1	4	100		120	118	120	1				1	1	3	1	3	3
BE10	Bern	Herzogenbuchsee	Pension Wysshölzli	4								Trinkerheilanstalt für Frauen; Von verschiedenen Kantonen benutzte Anstalt für die Internierung von Gewohnheitstrinkerinnen.	2			2	2					25	2					2	1			reformiert, Leitung durch drei Berner Diakonissen;  für ref. und kaht. Klientel
BE11	Bern	Aarberg	Bezirksgefängnis Aarberg	5					H, G		H, G	Untersuchungsgefängnis; Polizeigefängnis; Vollzug von Haft- und Gefängnisstrafen bis maximal 30 Tagen, in Einzelfällen bis maximal 3 Monate	1			1	7						3					3	3			3
BE12	Bern	Aarwangen	Bezirksgefängnis Aarwangen	5					H, G		H, G	Untersuchungsgefängnis; Polizeigefängnis; Vollzug von Haft- und Gefängnisstrafen bis maximal 30 Tagen, in Einzelfällen bis maximal 3 Monate	1			1	7						3					3	3			3
BE13	Bern	Belp	Bezirksgefängnis Seftigen	5					H, G		H, G	Untersuchungsgefängnis; Polizeigefängnis; Vollzug von Haft- und Gefängnisstrafen bis maximal 30 Tagen, in Einzelfällen bis maximal 3 Monate	1			1	7						3					3	3			3
BE14	Bern	Bern	Bezirksgefängnis Bern	5					H, G		H, G	a) Untersuchungsgefängnis; b) Vollzug kurzfristiger Haft- und Gefängnisstrafen	1			1	4					120	3					3	3			3
BE15	Bern	Biel	Bezirksgefängnis Biel	5					H, G		H, G	a) Untersuchungsgefängnis; b) Vollzug kurzfristiger Haft- und Gefängnisstrafen	1			1	2					40	3					3	3			3
BE16	Bern	Blankenburg	Bezirksgefängnis Obersimmental	5					H, G		H, G	Untersuchungsgefängnis; Polizeigefängnis; Vollzug von Haft- und Gefängnisstrafen bis maximal 30 Tagen, in Einzelfällen bis maximal 3 Monate	1			1	1					10	3					3	3			3
BE17	Bern	Büren an der Aare	Bezirksgefängnis Büren	5					H, G		H, G	Untersuchungsgefängnis; Polizeigefängnis; Vollzug von Haft- und Gefängnisstrafen bis maximal 30 Tagen, in Einzelfällen bis maximal 3 Monate	1			1	1					10	3					3	3			3
BE18	Bern	Burgdorf	Bezirksgefängnis Burgdorf	5					H, G		H, G	a) Untersuchungsgefängnis; b) Polizeigefängnis; c) Vollzug von Haft- und Gefängnisstrafen 	1			1	2					24	3					3	3			3
BE19	Bern	Courtelary	Bezirksgefängnis Courtelary	5					H, G		H, G	Untersuchungsgefängnis; Polizeigefängnis; Vollzug von Haft- und Gefängnisstrafen bis maximal 30 Tagen, in Einzelfällen bis maximal 3 Monate	1			1	1					12	3					3	3			3
BE20	Bern	Delémont	Bezirksgefängnis Delémont	5					H, G		H, G	a) Untersuchungsgefängnis; b) Vollzug Haft- und Gefängnisstrafen	1			1	2					20	3					3	3			3
BE21	Bern	Erlach	Bezirksgefängnis Erlach	5					H, G		H, G	Untersuchungsgefängnis; Polizeigefängnis; Vollzug von Haft- und Gefängnisstrafen bis maximal 30 Tagen, in Einzelfällen bis maximal 3 Monate	1			1	1					4	3					3				3
BE22	Bern	Fraubrunnen	Bezirksgefängnis Fraubrunnen	5					H, G		H, G	Untersuchungsgefängnis; Polizeigefängnis; Vollzug von Haft- und Gefängnisstrafen bis maximal 30 Tagen, in Einzelfällen bis maximal 3 Monate	1			1	1					3	3					3	3			3
BE23	Bern	Frutigen	Bezirksgefängnis Frutigen	5					H, G		H, G	Untersuchungsgefängnis; Polizeigefängnis; Vollzug von Haft- und Gefängnisstrafen bis maximal 30 Tagen, in Einzelfällen bis maximal 3 Monate	1				1					14	3					3	3			3
BE24	Bern	Interlaken	Bezirksgefängnis Interlaken	5					H, G		H, G	a) Untersuchungsgefängnis; b) Polizeigefängnis; c) Vollzug von Haft- und Gefängnisstrafen 	1			1	2					24	3					3	3			3
BE25	Bern	Konolfingen	Bezirksgefängnis Konolfingen	5					H, G		H, G	Untersuchungsgefängnis; Polizeigefängnis; Vollzug von Haft- und Gefängnisstrafen bis maximal 30 Tagen, in Einzelfällen bis maximal 3 Monate	1			1	7						3					3	3			3
BE26	Bern	La Neuveville	Bezirksgefängnis La Neuveville	5					H, G		H, G	Untersuchungsgefängnis; Polizeigefängnis; Vollzug von Haft- und Gefängnisstrafen bis maximal 30 Tagen, in Einzelfällen bis maximal 3 Monate	1			1	1					3	3					3	3			3
BE27	Bern	Langnau im Emmental	Bezirksgefängnis Signau	5					H, G		H, G	Untersuchungsgefängnis; Polizeigefängnis; Vollzug von Haft- und Gefängnisstrafen bis maximal 30 Tagen, in Einzelfällen bis maximal 3 Monate	1			1	2					24	3					3	3			3
BE28	Bern	Laufen	Bezirksgefängnis Laufen	5					H, G		H, G	a) Untersuchungsgefängnis; b) Vollzug Haft- und Gefängnisstrafen bis 30 Tagen	1			1	2					20	3					3	3			3
BE29	Bern	Laupen	Bezirksgefängnis Laupen	5					H, G		H, G	Untersuchungsgefängnis; Polizeigefängnis; Vollzug von Haft- und Gefängnisstrafen bis maximal 30 Tagen, in Einzelfällen bis maximal 3 Monate	1			1	1					8	3					3	3			3
BE30	Bern	Meiringen	Bezirksgefängnis Oberhasle	5					H, G		H, G	Untersuchungsgefängnis; Polizeigefängnis; Vollzug von Haft- und Gefängnisstrafen bis maximal 30 Tagen, in Einzelfällen bis maximal 3 Monate	1			1	1					15	3					3	3			3
BE31	Bern	Moutier	Bezirksgefängnis Moutier	5					H, G		H, G	Untersuchungsgefängnis; Polizeigefängnis; Vollzug von Haft- und Gefängnisstrafen bis maximal 30 Tagen, in Einzelfällen bis maximal 3 Monate	1			1	1					15	3					3	3			3
BE32	Bern	Nidau	Bezirksgefängnis Nidau	5					H, G		H, G	Untersuchungsgefängnis; Polizeigefängnis; Vollzug von Haft- und Gefängnisstrafen bis maximal 30 Tagen, in Einzelfällen bis maximal 3 Monate	1			1	1					10	3					3	3			3
BE33	Bern	Porrentruy	Bezirksgefängnis Porrentruy	5					H, G		H, G	Untersuchungsgefängnis; Polizeigefängnis; Vollzug von Haft- und Gefängnisstrafen bis maximal 30 Tagen, in Einzelfällen bis maximal 3 Monate	1			1	2					22	3					3	3			3
BE34	Bern	Saanen	Bezirksgefängnis Saanen	5					H, G		H, G	Untersuchungsgefängnis; Polizeigefängnis; Vollzug von Haft- und Gefängnisstrafen bis maximal 30 Tagen, in Einzelfällen bis maximal 3 Monate	1			1	1					6	3					3	3			3
BE35	Bern	Saignelégier	Bezirksgefängnis Franches Montagnes	5					H, G		H, G	Untersuchungsgefängnis; Polizeigefängnis; Vollzug von Haft- und Gefängnisstrafen bis maximal 30 Tagen, in Einzelfällen bis maximal 3 Monate	1			1	7						3					3	3			3
BE36	Bern	Schwarzenburg	Bezirksgefängnis Schwarzenburg	5					H, G		H, G	Untersuchungsgefängnis; Polizeigefängnis; Vollzug von Haft- und Gefängnisstrafen bis maximal 30 Tagen, in Einzelfällen bis maximal 3 Monate	1			1	7						3					3	3			3
BE37	Bern	Thun	Bezirksgefängnis Thun	5					H, G		H, G	a) Untersuchungsgefängnis; b) Vollzug Haft- und Gefängnisstrafen bis 30 Tagen	1			1	2					30	3					3	3			3
BE38	Bern	Trachselwald	Bezirksgefängnis Trachselwald	5					H, G		H, G	Untersuchungsgefängnis; Polizeigefängnis; Vollzug von Haft- und Gefängnisstrafen bis maximal 30 Tagen, in Einzelfällen bis maximal 3 Monate	1			1	1					10	3					3	3			3
BE39	Bern	Wangen an der Aare	Bezirksgefängnis Wangen an der Aare	5					H, G		H, G	Untersuchungsgefängnis; Polizeigefängnis; Vollzug von Haft- und Gefängnisstrafen bis maximal 30 Tagen, in Einzelfällen bis maximal 3 Monate	1			1	1					12	3					3	3			3
BE40	Bern	Wimmis	Bezirksgefängnis Niedersimmental	5					H, G		H, G	Untersuchungsgefängnis; Polizeigefängnis; Vollzug von Haft- und Gefängnisstrafen bis maximal 30 Tagen, in Einzelfällen bis maximal 3 Monate	1			1	1					5	3					3	3			3
BE41	Bern	Bern	Evangelisches Mädchenheim Brunnadern	3				Erziehung gefährdeter Mädchen.		16–21 Jahre		Nacherziehung und berufliche Ausbildung weiblicher Jugendlicher	2		Komitee	2	2	22		24		30	2	2	2		2	2	1	1	1	1
BE43	Bern	Bellelay	Asile d'aliénés de Bellelay	6								Heil- und Pflegeanstalt; Vom Kanton benutzte Anstalt für die Internierung von Unzurechnungsfähigen nach Art. 14/15 StGB und zur Begutachtung von Straffälligen.	1			1	6					420	3					3	3			3
BE44	Bern	Wabern	Schweizerisches Erziehungsheim Bächtelen	3								Nacherziehung männlicher Jugendlicher; Vom Kanton benutzte Anstalt für die Internierung von Jugendlichen nach StGB.	2			2	3					50	vgl. Buch Brodbeck in NB					1	1			1
BE45	Bern	Münsingen	Heil- und Pflegeanstalt Münsingen	6								Heil- und Pflegeanstalt; Vom Kanton und verschiedenen Behörden benutzte Anstalt für die Internierung von Unzurechnungsfähigen nach StGB.	1			1	6					1090	3					3	3			3
BE46	Bern	Bern	Heil- und Pflegeanstalt Waldau	6								Heil- und Pflegeanstalt; Vom Kanton benutzte Anstalt für Internierungen von Unzurechnungsfähigen nach Art. 14/15 StGB, sowie zur psychiatrischen Untersuchung von Straffälligen.	1			1	6					1100	3					3	3			3
BE47	Bern	Riggisberg	Mittelländische Verpflegungsanstalt	7								Fürsorgeanstalt; Von der Polizeidirektion Bern benutzte Anstalt für administrative Versorgungen.	3			3	6	460				550	3					3	3	3		3
BE48	Bern	Meiringen	Heil- und Pflegeanstalt Meiringen	6								Heil- und Pflegeanstalt für Frauen	2			2	6					200	3					2	3			3
BE49	Bern	Belp	Heimstätte Sonnegg	1	3			Aufnahme von weiblichen Personen, welche aus Gefängnissen, Straf- und Arbeitsanstalten des Kantons Bern, sowie von solchen, die aus ausserkantonalen Strafanstalten entlassen werden, aber im Kanton Bern heimatberechtigt sind. Ausnahmsweise können, soweit der Raum es gestattet, auch andere schutzbedürftige Mädchen aufgenommen werden. (…) Der Eintritt in das Heim muss, soweit es Personen betrifft, die eigenen Rechtes sind, freiwillig erfolgen. Bevormundete Frauen und Mädchen können auf Gesuch ihrer Vormünder aufgenommen werden. Beschäftigung im Winter mit Flicken und Nähen, Waschen und Glätten, im Sommer mit Garten- und Gemüsebau für den Verkauf, daneben das ganze Jahr hindurch Arbeiten im Haushalt. Ausnahmsweise können die Pfleglinge auch zuverlässigen, ehrenhaften und christlich gesinnten Personen ausserhalb des Heims zeitweise tagsüber in Dienst gegeben werden.				Nacherziehung weiblicher Jugendlicher; Von verschiedenen Behörden benutzte Anstalt für die Internierung von weiblichen Jugendlichen nach StGB.	2			2	2	20				22	2	2				2	1	1		1
BE52	Bern	Münsingen	Loryheim Münsingen	3						15–20 Jahre	Jugendl.	Nacherziehung weiblicher Jugendlicher; Obligatorischer Hauswirtschaftsunterricht mit Abschlussprüfung in Bern; Möglichkeit, die Lehre einer Damenschneiderin oder Wäscheschneiderin zu absolvieren; Vom Kanton benutzte Anstalt zur Internierung von weiblichen Jugendlichen nach StGB.	1		Staat	1	2			30	31	30	2				2	2	1		1	interkonfessionell, Leitung reformiert
BE53	Bern	Köniz	Mädchenheim Schloss Köniz	3								Nacherziehung von geistesschwachen, weiblichen Jugendlichen, die straffällig wurden.	2			2	2					47	2					2	1			interkonfessionell, Leitung reformiert
BE64	Bern	Iseltwald	Webstübli Iseltwalt	3	8							Aufnahme geistesschwacher männlicher Jugendlicher, die unter Aufsicht im Handweben angelernt werden; Für Gemeindebehörden benutztes Heim für die Internierung von geistesschwachen männlichen Jugendlichen im Sinne des StGB.	2			2	1					10	1					1	1			1
BE65	Bern	Erlach	Staatliches Erziehungsheim für Knaben	3								Erziehung schwererziehbarer Knaben; Gelegentlich benutzte Anstalt für die Internierung männlicher Jugendlicher nach StGB.	1			1	3					58	1					1	1			1
BL01	Basel-Landschaft	Läufelfingen	Arbeiterkolonie Dietisberg	2				Zufluchtsstätte für arbeitslose, arbeitsfähige Männer, für solche, die von der Gefahr des Alkoholmissbrauchs, des Versinkens in Müssiggang und Stromertum bedroht, sich wieder an ein geordnetes Leben der Arbeit gewöhnen wollen, ferner für entlassene Sträflinge, denen der Rücktritt in die bürgerliche Gesellschaft vermittelt und erleichtert werden soll. Sie bietet ihre Dienste ebenfalls den Landarmenpflegen, der Schutzaufsicht, den Vormundschaftsbehörden, sowie der allgemeinen Fürsorgetätigkeit in mannigfacher Art an. (…) Der Eintritt ist freiwillige, soweit nicht behördliche Anordnungen für den Betreffenden wegleitend sind. Der Entscheid über die Aufnahmen steht mit Genehmigung des Präsidenten dem Verwalter zu. In erster Linie werden Landesangehörige berücksichtigt und solche, die der Anstalt von Behörden und Privaten empfohlen werden.				Arbeitserziehung; Zufluchtstätte für arbeitslose, aber noch arbeitsfähige Männer; Anstalt für administrative Verwahrung wegen Trunksucht, Liederlichkeit, Arbeitsscheu; Heim für Strafentlassene	2			2	1	65				65	1	1				1	4	1		3
BL03	Basel-Landschaft	Reinach	Landheim Erlenhof	3	6			Beherbergung, Erziehung und Beschäftigung schwererziehbarer, obdachloser, verwahrloster Burschen.		16–20 Jahre		Erziehungsheim für schwierige Jugendliche; Psychiatrische Beobachtungsstation; Korrektionsaufenthaltsanstalt	2		Basler Webstube, Verein für Jugendfürsorge	2	3	30		50		60	1				1	1	3	3	3	3
BL04	Basel-Landschaft	Liestal	Kantonale Strafanstalt Liestal	5				Staatsanstalt. Laut Verordnung des Regierungsrates vom 27. Januar 1877 werden in der Strafanstalt verwahrt und nach der Hausordnung behandelt: die vom Regierungsrat wegen Arbeitsscheu, Bettels, Trunksucht etc. oder Vernachlässigung der Familienpflichten zu einer Zwangsarbeitsstrafe Verurteilten. Diese werden von den übrigen Abteilungen getrennt gehalten.	Z, G, ev. V		ZH, G, H, V, A	Gefängnis; Zuchthaus; Verwahrung; Arbeitserziehung; administrative Versorgungen	1				4	33 (nur Abteilung für Zwangsarbeiter)	110		88	126	4						3			3
BL06	Basel-Landschaft	Arlesheim	Bezirksgefängnis Arlesheim	5					H			Untersuchungsgefängnis; Haftgefängnis bis zu 3 Monaten	1			1	1					16	3					3	3			3
BL07	Basel-Landschaft	Liestal	Bezirksgefängnis Liestal	5					H			Untersuchungsgefängnis; Haftgefängnis bis zu 3 Monaten	1			1	1					10	3					3	3			3
BL08	Basel-Landschaft	Sissach	Bezirksgefängnis Sissach	5					H			Untersuchungsgefängnis	1			1	1					4	3					3	3			3
BL09	Basel-Landschaft	Waldenburg	Bezirksgefängnis Waldenburg	5					H			Untersuchungsgefängnis	1			1	1					3	3					3	3			3
BL10	Basel-Landschaft	Lausen	Frauenheim Wolfbrunnen	3	8			Hilfe für entgleiste Mädchen und Frauen.		16–35 Jahre; Das Heim gehört nur bedingt zur Kategorie der Anstalten für Schwererziehbare Mädchen. Das Heim nimmt arbeitslose und auf Abwege geratene Frauen, Mütter mit neugeborenen Kindern und Schwangere zur Nacherziehung auf.		Nacherziehung lediger Mütter; Von verschiedenen Kantonen benutzte Anstalt für Massnahmenvollzug nach StGB.	2		Verein Frauenheim Wolfbrunnen	2	2	45		29 Frauen, 20 Kinder		21	2				2	2	1	1	1	1
BS01	Basel-Stadt	Basel	St. Verenahof	3	8							Katholisches Heim für schwangere Töchter vor und nach der Geburt ihrer Kinder; Kinderheim für Säuglinge; Aufnahme schulentlassener Töchter und Frauen für administrative Versorgung; Beschäftigung in Küche, Haushalt und Kinderpflege.	2			2	3					63	2					2	3			3
BS02	Basel-Stadt	Basel	Basler Jugendheim	3				Beherbergung, Erziehung und handwerkliche Berufsausbildung von besonderer Erziehung bedürftigen Burschen.		Heim zur Beherbergung, Erziehung und handwerklichen Berufsausbildung besonderer Erziehung bedürftiger Burschen.; 14–20 Jahre		Nacherziehung schulentlassener männlicher Jugendlicher; Vom Kanton benutzte Anstalt für Einweisung nach Art. 9 Ziffer 1 StGB.; Vollständig getrennte Abteilungen: a) Jugendheim: Einweisungen nach Art. 91 Ziffer 1 StGB ca. 1/3 des Bestandes und zivilrechtliche Einweisung ca. 2/3 des Bestandes. b) Aufnahmeheim: Auch räumlich vom Jugendheim getrennt. Aufnahme von straf- und zivilrechtlichen Einweisungen. Vor allem durch Jugendanwaltschaft benutzte Abteilung für die Unterbringung von männlichen Jugendlichen, die in Strafuntersuchung stehen. Verbüssung von Einschliessungsstrafen.	2		Basler Webstube, Verein für Jugendfürsorge	3	2	30		30		54	1				1	1	3	3	3	3
BS03	Basel-Stadt	Basel	St. Katharinaheim	3				Erziehung von schwererziehbaren Mädchen.		14–20 Jahre		Nacherziehung von schwierigen schulentlassenen katholischen Mädchen; Von Kanton benutzte Anstalt für Internierungen von weiblichen Jugendlichen im Sinne des Massnahmenvollzugs.	2		Katharinawerk	2	3	70		58		54	2				2	2	2	2	2	2
BS04	Basel-Stadt	Basel	Strafanstalt Basel-Stadt	5				Zwangsarbeitsanstalt, Abteilung der Strafanstalt Basel: Staatsanstalt. Untersteht dem Justizdepartement. Nach dem Gesetz betreffend Versorgung in Zwangsarbeits- und Besserungsanstalten vom 21. Februar 1901/27. April 1911 können eingewiesen werden: Personen, welche a) durch Müssiggang und Arbeitsscheu ihren Familien oder der öffentlichen Wohltätigkeit zur Last fallen, oder b) die private Wohltätigkeit auf ungebührliche Art in Anspruch nehmen, oder c) sich der ihnen obliegenden Pflicht für den Unterhalt ihrer Familie entziehen, oder d) durch Liederlichkeit, schlechte Aufführung, unsittliches Betragen oder Trunksucht öffentliches Ärgernis erregen oder die öffentliche Sicherheit gefährden. Die Versorgung wird durch den Regierungsrat auf Antrag des Polizeidepartements verfügt. Antragsberechtigt sind: die Angehörigen der zu Versorgenden, seine Vormünder und die Vormundschaftsbehörden, die Gerichte, die Bürger- und Einwohnergemeinderäte.	Z, G, H, ev. V		ZH, G	Gefängnis; Zuchthaus; Administrative Versorgung (Einzelfälle)	1			1	4		125		135	140	3					3	3			3
BS05	Basel-Stadt	Riehen	Anstalt zur Hoffnung	3	8							Schulung und Erziehung von geistesschwachen Kindern und Jugendlichen; Vom Kanton benutzte Anstalt für Massnahmenvollzug nach StGB.	1	staatlich		1	3				78	110	3					3	3			3
BS06	Basel-Stadt	Riehen	Evangelische Heilanstalt Sonnenhalde für weibliche Nerven- und Gemütskranke Riehen	6				Eigentum der Diakonissenanstalt in Riehen. Zweck: weiblichen Gemüts- und Nervenkranken Unterkunft und Pflege in einer unter fachmännischer Leitung stehenden christlichen Anstalt zu bieten.					2				3	55					2						1			
BS08	Basel-Stadt	Basel	Heil- und Pflegeanstalt Friedmatt	6				Aufnahmebedingungen: a) ein durch den Kranken selbst oder durch seine angehörigen oder Alimentationspflichtigen oder durch eine Behörde gestelltes mündliches Aufnahmegesuch; b) Nachweis einer geistigen Störung durch ärztliches Zeugnis; c) genügende Garantie für Kosten oder 1/4 jährliche Vorausbezahlung nebst schriftlicher Garantie der Zahlung anderweitiger aus dem Aufenthalte des Kranken erwachsenden Kosten; d) die nötigen Ausweisschriften und bei Kranken aus andern Kantonen und dem Auslande unverdächtige Heimatsurkunden; e) der Besitz der durch die Reglemente vorgeschriebenen Effekten. In dringenden Fällen erfolgt die Aufnahme provisorisch. Wenn Behörden oder Verwandte, welche die Versorgung veranlasst haben, die Entlassung eines nicht geheilten Kranken verlangen, haben sie der Anstalt einen Schein zu unterzeichnen, in welchem sie die volle Verantwortlichkeit für etwaige Folgen der verfrühten Entlassung anerkennen.				Heil- und Pflegeanstalt; Vom Kanton benutzte Anstalt für Internierungen von Unzurechenfähigen nach Art. 14/15 StGB.				1	6	400				550	3					3	3	3		3
BS09	Basel-Stadt	Basel	Lohnhofgefangenschaften Basel	5					H		UH, H	a) Untersuchungsgefängnis; b) Vollzug von Arrest- und Haftstrafen bis zu 30 Tagen; c) Vollzug von Gefängnisstrafen bis zu 3 Wochen	1			1	4					125	3					3	3			3
BS12	Basel-Stadt	Basel	Bürgerliches Waisenhaus Basel	3				Basler Bürgerkinder zu erziehen.					4				4	135					3						3	3	3	
FR01	Fribourg	Sugiez	Les Etablissements pénitentiaires de Bellechasse	1	3	4	5	Sapinière: La Sapinière reçoit d'abord les buveurs invétérés fribourgeois mais aussi ceux d'autres cantons, moyennant un prix de pension en rapport avec l'état de santé du pensionnaire. La plupart cultive les champs, d'autres exercent leur métier.  Erlenhof: L'asile recueille les détenus libérés qui ne peuvent encore momentanément se conduire eux-mêmes ou qui ne peuvent trouver un emploi à leur sortie de prison. (…) Le plus grand nombre des pensionnaires est occupé dans l'agriculture. Un certain nombre de métiers sont attachés à l'institut, tels que menuiserie, charpenterie, vannerie, etc.  Maison de travail: Amendement des vagabonds, des paresseux et mendiants individus qui ne font, par leur travail et leur conduite, aucun effort pour se sauver de la misère (loi du 2 mai 1828). les jugements sont rendus par les préfets.  Colonie de travail pour femmes: Dans cette maison cellulaire se trouvent réunies les femmes condamnées et internées. Elle comprend deux quartiers: le rez de chausseée est réservé aux jeunes filles. Le premier étage est occupé par les femmes adultes. 	Z (Maison de force), G (Prison), V (Colonie de Travail), A (Erlenhof), T (Sapinière)		Strafanstalt: G, ZH, V Tannenhof: T Erlenhof: Jugendl. Arbeitshaus: A, Adm. V	Gefängnis; Zuchthaus; Verwahrung; Arbeitserziehung; Administrative Versorgung; Versorgung von Gewohnheitstrinkern; Versorgung und Verwahrung von Unzurechnungsfähigen; Abteilung für Internierung von männlichen Jugendlichen (Erlenhof)	1			1	6	>220			ca. 800	460	3					3	3	2		3
FR02	Fribourg	Marsens	Etablissement psychiatrique de Marsens	6								Heil- und Pflegeanstalt; Vom Kanton benutzte Anstalt für die Internierung von Unzurechnungsfähigen nach Art. 14/15 StGB.	1			1	6					485	3					3	3			3
FR03	Fribourg	Lully	Institut Bon Pasteur	3						14–25 Jahre		Nacherziehung gefährdeter und schwererziehbarer katholischer Mädchen; Von verschiedenen Kantonen benutzte Anstalt für die Internierung weiblicher Jugendlicher nach Art. 9 StGB.	2		Société Immobilière	2	2			45		26	2				2	2	2		2	2
FR04	Fribourg	Villars-les-Joncs	Institut Bon Pasteur	3								Erziehungsanstalt für weibliche Jugendliche	2			2	7						2					2	2			2
FR05	Freiburg	Uebemil/Villars-les-Joncs	St. Marguerite	3				Erziehung junger Mädchen.		bis 25, evtl. bis 30			2		Société Immobilière		2	59		45			2	2			2		2	2	2	
FR06	Fribourg	Montet (Broye)	Orphelinat Institut Marini	3				Elever des orphelins ou enfants pauvres et leur procurer un métier; Nachschulpflichtige.					2				3	90					1	1					4	2		
FR07	Fribourg	Drognens	Institut St. Nicolas	3				Maison de relèvement pour garçons difficiles.		Es werden nur erziehungsfähige, geistig nicht minderwärtige Burschen aufgenommen; 8–18 Jahre		Erziehung unter Aufsicht nach Art. 84 StGB; Erziehungsanstalt nach Art. 91 StGB für katholische, männliche Jugendliche;	2		Salvatorianer-Orden		4	110		140			1				1	1	2	2	2	2
FR09	Freiburg	Sonnenwyl	Maison de la Ste. Famille	3						6–20 Jahre			2		Privatgesellschaft		3			ca. 70			2				2		2		2	
FR10	Fribourg	Fribourg	Prison Centrale de Fribourg	5					G, H		G, H	Untersuchungsgefängnis; Polizeigefängnis; Haftgefängnis; Vollzug von Gefängnisstrafen bis zu 1 Monat für Männer und bis zu 2 Monaten für Frauen	1			1	2		50			40	3					3	3			3
FR11	Fribourg	Bulle	Prison de District de la Gruyère	5					G, H		G, H	a) Untersuchungsgefängnis; b) Vollzug von Polizei-, Haft- und Gefängnisstrafen bis zu 1 Monat	1			1	1					18	3					3	3			3
FR12	Fribourg	Châtel St. Denis	Prison du District de la Veveyse	5					G, H		G, H	a) Untersuchungsgefängnis; b) Vollzug von Polizei-, Haft- und Gefängnisstrafen bis zu 1 Monat	1			1	1					10	3					3	3			3
FR13	Fribourg	Estavayer-le-Lac	Prison du District de la Broye	5					G, H		G, H	a) Untersuchungsgefängnis; b) Vollzug von Polizei-, Haft- und Gefängnisstrafen bis zu 1 Monat	1			1	1					10	3					3	3			3
FR14	Fribourg	Murten	Prison de District du Lac	5					G, H		G, H	a) Untersuchungsgefängnis; b) Vollzug von Polizei-, Haft- und Gefängnisstrafen bis zu 1 Monat	1			1	1					11	3					3	3			3
FR15	Fribourg	Romont	Prison de District de la Glâne	5					G, H		G, H	a) Untersuchungsgefängnis; b) Vollzug von Polizei-, Haft- und Gefängnisstrafen bis zu 1 Monat	1			1	1					11	3					3	3			3
FR16	Fribourg	Tavel	Prison de District de la Singie	5					G, H		G, H	Untersuchungsgefängnis; Polizeigefängnis; Haftgefängnis; Vollzug von Gefängnisstrafen bis zu 1 Monat	1			1	1					12	3					3	3			3
GE01	Genf	Genf	Clinique Psychiatrique de Bel-Air	6				Lois sur le régime des aliénés de 1838 modifiée en 1895. L'asile est destiné au traitement des maladies mentales; reçoit également les alcooliques, les épileptiques, etc. Il a été ouvert en novembre 1900. (…) Nul ne peut être interné dans un établissement public ou privé destiné à la garde et au traitement des aliénés, sans une autorisation du Département de justice et police. Lorsqu'il y aura danger manifeste pour la sécurité des personnes, les directeurs d'établissements publics pourront recevoir des aliénés dont l'identité est justifiée, et sur le vu d'un certificat médical, à charge d'obtenir l'autorisation du Département de justice et police, dans les vingt-quatre heures qui suivront l'internement. Hormis ce cas, les placements se distinguent en placements d'office et placements volontaires. Les placements d'office sont ceux qui sont ordonnés par le Département de justice et police, sans qu'il en soit requis. Ils sont réservés aux cas qui nécessitent l'urgence, et notamment aux aliénés abandonnés, indigents ou dangereux; ils peuvent être ordonnés sur le vu d'une attestation médicale, datant de moins de 8 jours, émanant d'un médecin autorisé à pratiquer dans le canton, et qui ne soit pas attaché à l'établissement où aura lieu le placement.				Heil- und Pflegeanstalt; Vom Kanton benutzte Anstalt für die Internierung von Unzurechnungsfähigen nach Art. 14/15 StGB.	1			1	6	315				550	3					3	3	3		3
GE02	Genf	Genf	Maison d'éducation "Florissant"	3				Protection et relèvement moral de la jeune fille.		14–20 Jahre			2		Heilsarmee		2	43		39			2	2			2		1	1	1	
GE05	Genf	Genf	Prison de Saint-Antoine	5					G, H, ev. V.		H bis 6 Mte., G bis 6 Mte.	a) Untersuchungsgefängnis; b) Vollzug von Polizei-, Haft- und Gefängnisstrafen bis zu 6 Monaten	1			1	4		115		120	120	3					3	3			3
GE07	Genf	Choully	Foyer pour adolescents Les Ormeaux	3						Home de demi-liberté pour des adolescents		Erziehungs- und Beobachtungsanstalt für Jugendliche und Minderjährige	2		Comité des Ormeaux	2	2			40–50		50	1				1		4		3	1
GL01	Glarus	Glarus	Untersuchungsgefängnis im Rathaus	5					G, H		G, H bis 2 Mte.	a) Untersuchungsgefängnis; b) Vollzug von Freiheitsstrafen bis 2 Monaten	1			1	7						3					3	3			3
GR01-a	Graubünden	Cazis	Arbeitserziehungsanstalt und Kolonie Realta	1	2	3		Korrektionsanstalt: 1854 eröffnete Anstalt zur Besserung Korrektioneller. Steht unter Aufsicht des Kleinen Rates, respektive dessen Finanzdepartementes. 2 Anstaltsgebäude mit Raum für 60–70 Zöglinge, die in der eigenen Land- und Waldwirtschaft betätigt werden. Von den Detinierten sind meistens 90% Männer, 10% Weiber. (…) In der Korrektionsanstalt werden aufgenommen, sofern sie erwachsen und arbeitsfähig sind: a) liederliche und arbeitsscheue Personen; b) Gewohnheitstrinker; c) Personen, die nach Polizei- oder Strafgesetz zur korrektionellen Behandlung überwiesen werden. Die Befugnisse zur Versetzung steht der Vormundschaftsbehörde des Heimat- oder Wohnortes, sowie den Kriminal- und Polizeigerichten zu. Dem an den Chef des kantonalen Finanzdepartements zu richtenden Aufnahmegesuch muss ein Auszug des Protokolls der die Versetzung beschliessenden Behörde beigelegt werden.  Arbeiterkolonie: Aufnahme findet jede arbeitslose, aber arbeitsfähige und arbeitswillige Person, soweit der Raum reicht. In erster Linie sind Kantonsbürger zu berücksichtigen.  Sie dient auch mit Vorteil jener Kategorie Menschen, die einer gewissen Aufsicht oder doch Anleitung bedürfen, um sich im Leben zurecht zu finden und die bei völliger Freiheit dem Vagantentum oder dem Alkoholismus verfallen würden. Auch zur Korrektion Verurteilte werden aufgenommen, denen dann bei guter Führung in der Kolonie die Korrektionsstrafe erlassen wird.  	A			a) Arbeitserziehungsanstalt; b) Kolonie für Lebensuntüchtige	1			1	4	130 (Korrektionsanstalt und Arbeiterkolonie)				90	vgl. Jahresbericht						3	3		3
GR01-b	Graubünden	Cazis	Irrenanstalt Realta/Trinkerheilstätte im kantonalen Asyl Realta	4	6			4 Krankenhäuser mit Platz für 250 Patienten.  Keine besondere Trinkerabteilung. Die Patienten werden, je nachdem die geistigen oder körperlichen Symptome vorwiegen, auf die entsprechende Abteilung des Asyls verbracht und dann der Arbeiterkolonie, wo sie ihren Unterhalt selbst verdienen, oder der Korrektionsabteilung zugewiesen. In die Heilstätte werden aufgenommen: 1. freiwillig sich Meldende, die sich zu einem Aufenthalt von mindestens 1 Jahr verpflichten; 2. von Behörden und Gerichten Eingewiesene, deren Aufenthaltsdauer, im Minimum 1 Jahr, die einweisenden Behörden bestimmen. Einweisung in die Trinkerheilstätte gemäss den Bestimmungen der Korrektionsanstalt.					1					>250					vgl. Jahresbericht						3			
GR03	Graubünden	Chur	Kantonale Strafanstalt Sennhof	5					Z, G, H, ev. V		ZH, G	a) Untersuchungsgefängnis; b) Vollzug von Haft- und Gefängnisstrafen bis zu 3 Monaten	1			1	2		50		50	35	3					3	3			3
GR04	Graubünden	Landquart	Asyl Neugut Landquart	7				Gegründet 1894 als Armenanstalt von 9 Gemeinden des Bezirks Unterlandquart, zu denen später noch 2 Gemeinden hinzukamen. Anstaltsgebäude für 80 Personen, die in der Landwirtschaft beschäftigt werden.					3				3	80					3	3					4	1		
LU01	Luzern	Emmenbrücke	Anstalt Sedelhof mit Frauenabteilung "Seehof"	1	5			Für männliche Detinierte mit Zweiganstalt (seit 1893) für Weiber auf dem Gute Seehof, die der Anstaltsverwaltung auf dem Sedelhof unterstellt ist. Staatsanstalt, gegründet 1887, unter der Justizdirektion stehend und durch eine Aufsichtskommission überwacht. Nach §3 des Gesetzes können in die Anstalt bei unzweifelhafter Arbeitsfähigkeit versetzt werden: a) bevormundete oder der elterlichen Gewalt unterworfene Personen, welche den Weisungen ihrer Eltern, Vormünder und Aufsichtsbehörden trotz angewandter Disziplinarmittel beharrlich sich widersetzen; b) Eltern, welche ihre Kinder böslich verlassen oder sie durch müssiges, leichtsinniges, liederliches Leben in hilflosen Zustand versetzen und dadurch der Fürsorge der unterstützungspflichtigen Verwandten, der Gemeinde, oder des Staates anheimgeben oder, wiewohl eine angemessene Beitragsleistung an die Unterstützungskosten in ihren Kräften läge, solche hartnäckig verweigern; c) Eltern oder Pflegeeltern, welche ihre Pflichten gegen ihre Kinder oder andere unter ihrer Aufsicht stehenden Personen in fortgesetzter Weise und nach fruchtloser Mahnung nicht erfüllen, diese vernachlässigen, zu Diebstahl, Frevel oder zum Bettel anhalten oder davon abzuhalten unterlassen und dadurch am Schulbesuch e hindern; d) Personen, welche sich fortgesetzt dem Müssiggange, der Trunkenheit oder auf andere Art einem liederlichen Lebenswandel ergeben und infolgedessen arbeitslos und unterstützungsbedürftig werden oder öffentliches Ärgernis erregen; e) Personen, welche nach Massgabe des Straf- oder Armengesetzes oder anderer Vorschriften dem Regierungsrate zu weiterer Behandlung zugewiesen werden; f) endlich gewerbsmässige Bettler, sowie Landstreicher, welche der öffentlichen Wohltätigkeit zur Last fallen oder ihr anheimzufallen drohen, sofern der Anstaltsraum deren Aufnahme gestattet.  Zweiganstalt Seehof: Nur für Frauen. (1953 geschlossen).	H, G, A		A, G bis 6 Mte.	Gefängnis; Zuchthaus; administrative Versorgung; Verwahrung nach Art. 42 StGB (Ausnahmen); Verwahrung Unzurechenfähiger nach Art. 14 StGB.	1			4	4	140 (100 Zwangsarbeitsanstalt + 40 Zweiganstalt Seehof)	96		109	100	3	3 (inkl. Frauenabteilung Seehof)				1	3			3
LU02	Luzern	Wauwil	Straf- und Verwahrungsanstalt Wauwilermoss	5					Z, G		ZH, G über 6 Mt.	Gefängnis; Zuchthaus; Verwahrung	1			1	3				90	68	3			3		1	3			3
LU03	Luzern	Rathausen	Kinderdörfli Rathausen	3								Erziehung gefährdeter und milieugeschädigter Kinder und Jugendlicher; Vom Kanton und verschiedenen Behörden benutzte Anstalt für die Internierung Jugendlicher beiderlei Geschlechts nach StGB.	2			2	5					150	3					3	2			2
LU04	Luzern	Knutwil	Erziehungsheim St. Georg	3				Fürsorgeerziehung und Bildung schwererziehbarer, sittlich gefährdeter oder abwegig gewordener Knaben im Alter von 12-18 Jahren.		von 10 Jahren an		Nacherziehung schwererziehbarer Knaben und männlicher Jugendlicher; Von verschiedenen Kantonen benutzte Anstalt für die Internierung von männlichen Jugendlichen nach StGB	2		St. Georgsverein	2	4	90		ca. 120		120	1	1			1	1	2	2	2	2
LU05	Luzern	Pfaffnau	Kantonale Heil- und Pflegeanstalt St. Urban	6				Behandlung und Pflege Geistes- und Nervenkranker. 1873 in den Gebäuden der aufgehobenen Abtei eingerichtet.				Heil- und Pflegeanstalt; Vom Kanton benützte Anstalt für die Internierung von Unzurechenfähigen nach Art. 14/15 StGB; Angeschlossen: Übergangsheim Berghof	1			1	6	600				700	3					3	3	2		3
LU09	Luzern	Luzern	Zentralgefängnis des Kantons Luzern	5					H, G		UH, H, G bis 3 W.	a) Untersuchungsgefängnis; b) Polizei-, Haft- und Gefängnisstrafen; c) Zuchthaus (Ausnahmefälle)	1			1	3		80		53	54	3			3		3	3			3
LU10	Luzern	Hochdorf	Amtsgefängnis Hochdorf	5					H, G		UH, H, G bis 3 W.	a) Untersuchungsgefängnis; b) Polizei-, Haft- und Gefängnisstrafen bis zu 20 Tagen	1			1	1					12	3					3	3			3
LU11	Luzern	Schüpfheim	Amtsgefängnis Entlebuch	5					H, G		UH, H, G bis 3 W.	a) Untersuchungsgefängnis; b) Polizei-, Haft- und Gefängnisstrafen von kurzer Dauer	1			1	1					9	3					3	3			3
LU12	Luzern	Sursee	Amtsgefängnis Sursee	5					H, G		UH, H, G bis 3 W.	a) Untersuchungsgefängnis; b) Polizei-, Haft- und Gefängnisstrafen bis zu 20 Tagen	1			1	1					12	3					3	3			3
LU13	Luzern	Willisau	Amtsgefängnis Willisau	5					H, G		UH, H, G bis 3 W.	a) Untersuchungsgefängnis; b) Polizei-, Haft- und Gefängnisstrafen von kurzer Dauer	1			1	7						3					3	3			3
NE01	Neuenburg	St. Aubin	Colonie agricole et industrielle Le Devens	2	4			Fondée en 1909 comme colonie agricole. Remise au Conseil d'Etat de Neuchâtel, qui en est propriétaire. La Loi sur l'internement administratif des buveurs ayant été votée, le Conseil d'Etat décida en 1919 que Le Devens serait affecté au relèvement des buveurs et confié à l'Armée du Salut. C'est en général la Chambre des Tutelles qui requiert l'internement des buveurs, et le Département de Justice sanctionne et exécute la sentence. La durée de l'internement varie de six mois à douze mois. S'il y a des places disponibles, la Maison reçoit aussi des internés genevois, des buveurs d'autres Cantons, et des hommes placés par les soins des Communes. Il est perçu une modeste pension.				Heilstätte für Alkoholkranke	4	1		2	3	50				50	1 (vgl. Schätzungsband NE)						4	1		3
NE02	Neuenburg	Boudry	Maison de Pontareuse	4								Heilstätte für Alkoholkranke	2	2		2	2	23				22	1					1	1	1		interkonfessionell, Leitung reformiert
NE03	Neuenburg	Marin	Institut Bellevue	3				Refaire ou compléter l'éducation de jeunes filles.		16–20 Jahre		Nacherziehung weiblicher Jugendlicher	2		Schwizerischer Verein für Straf- und Gefängniswesen und Schutzaufsicht	2	2	30		30		30	2				2	2	4		1	3
NE04	Neuenburg	La Chaux-de-fonds	Prison Centrale de  La Chaux-de-fonds	5							H bis 2 Mte., G bis 2 Mte.	a) Untersuchungsgefängnis; b) Vollzug von Haft- und Gefängnisstrafen bis zu 2 Monaten	1				2					40	3					3	3			3
NE05	Neuenburg	Neuenburg	Prison Centrale de Neuchâtel	5							H bis 2 Mte., G bis 2 Mte.	a) Untersuchungsgefängnis; b) Vollzug von Haft- und Gefängnisstrafen bis zu 2 Monaten	1			1	2					40	3					3	3			3
NE06	Neuenburg	Boudry	Prison auxiliaire du district de Boudry	5					G, H		H bis 2 Mte., G bis 2 Mte.	a) Untersuchungsgefangenschaft; b) Vollzug von Haftstrafen bis zu 5 Tagen	1			1	1					10	3					3	3			3
NE07	Neuenburg	Cernier	Prison auxiliaire du district du Val-de-Ruz	5					G, H		H bis 2 Mte., G bis 2 Mte.	a) Untersuchungsgefangenschaft; b) Vollzug von Haftstrafen bis zu 5 Tagen	1			1	1					4	3					3	3			3
NE08	Neuenburg	Le Locle	Prison auxiliaire du district du Locle	5					G, H		H bis 2 Mte., G bis 2 Mte.	a) Untersuchungsgefangenschaft; b) Vollzug von Haftstrafen bis zu 5 Tagen	1			1	1					10	3					3	3			3
NE09	Neuenburg	Môtiers	Prison auxiliaire du district du Val-de-Travers	5					G, H		H bis 2 Mte., G bis 2 Mte.	a) Untersuchungsgefangenschaft; b) Vollzug von Haftstrafen bis zu 5 Tagen	1			1	1					6	3					3	3			3
NW01	Nidwalden	Hergiswil	Fürsorgeheim "Alpenblick"	8				Katholische Entbindungsanstalt.		40 Plätze (für Schwererziehbare zirka 20). Das Heim ist zugleich Entbindungsanstalt und Pflegerinnenschule; es sind zirka 60 Säuglinge dort.; Von 14 an bis jedes Alter			2		Schweizerischer katholischer Fürsorgeverein		2	40		ca. 40			2	2			2		2	2	2	
OW01	Obwalden	Sarnen	Pension Vonderflüh	4				Gegr. 1896 durch den schweizer. Piusverein, jetzt Eigentum des Vereins der Trinkerheilstätte Pension Vonderflüh, unter dem Patronat des Schweizer. Kath. Volksvereins. Heilstätte für alkoholkranke Männer, wo sie geistig und leiblich wieder genesen können.					2	2			2	40					1	1					2	2		
OW02	Obwalden	Sarnen	Kantonale Strafanstalt Obwalden	5					G, H		G, H, V	a) Untersuchungsgefängnis; b) Vollzug von Polizei-, Haft- und Gefängnisstrafen, Zuchthaus, Verwahrung.  Die Strafanstalt Obwalden in Sarnen beherbergt die Untersuchungsgefangenen und die gerichtlich Verurteilten aller Kategorien. Die Anstalt dient auch als Verwahrungsanstalt und für administrative Versorgungen. Arbeitsscheue und Flottanten werden von den Gemeinden oft für längere oder kürzere Zeit dort interniert, für die dann die Strafanstalt als "Zwangsarbeitsanstalt" zu dienen hat. Die von auswärts heimgeschafften Kantonsbürger werden meistens ebenfalls in die Anstalt eingeliefert und bleiben dort solange, bis die avisierten Gemeindebehörden ihre Verfügungen getroffen haben.	1			1	2		20		20	35	3					3	3			3
Quellen:																																
SG01	St. Gallen	Mosnang	Kantonale Arbeitserziehungsanstalt Bitzi	1				Gegründet 1871 durch eine Anzahl toggenburgischer Gemeinden und die Städte St. Gallen und Wil; mit 1. Januar 1904 an den Staat übergegangen. Oberste Verwaltungsbehörde: Regierungsrat, speziell Polizeidepartement. (…) Über die Aufnahme in die Anstalt, Dauer der Detention, Erkenntnis derselben etc. gelten die Bestimmungen des Gesetzes über die Versorgung arbeitsscheuer und liederlicher Personen in Zwangsarbeitsanstalten vom 4. Juni 1872 und die Vollziehungsverordnung vom 21. August gleichen Jahres.	A			Arbeitserziehungsanstalt; Beherbergt auch administrativ Eingewiesene, wie Arbeitsscheue;  Getrennte Abteilungen: a) Beobachtungsstation für 18 bis 20-jährige; b) Anstalt für Zwangsversorgte; c) Alpbetrieb für Gebesserte	1			1	3	70				80	3					1	3			3
SG02	St. Gallen	Tübach	Pension Mühlhof	4				Gegründet 1930 durch den Fürsorgeverein für Alkoholkranke. Heilstätte für alkoholkranke Männer. Zur Aufnahme in die Heilstätte werden verlangt: ärztliches Zeugnis, Heimatausweis; behördlicher Einweisungsbeschluss oder schriftliche Verpflichtung des Aufzunehmenden für eine Kurzeit von mindestens 12 Monaten; Vorausbezahlung des Kostgeldes durch ausserkantonale Armenpflegen und Selbstzahler für wenigstens 6 Monate, durch st. gallische Armenpflegen für 3 Monate.	T			Heilstätte für alkoholkranke Männer; Von verschiedenen Kantonen benutzte Anstalt für die Verwahrung von Gewohnheitstrinkern nach Art. 44 StGB.	2	2		2	2	30				45	1					1	4	2		3
SG03	St. Gallen	Altstätten	Fürsorge- und Erziehungsheim Vom Guten Hirten	3				Aufnahme gefährdeter und gefallener Mädchen.		Fürsorge- und Erziehungsheim; 14–30 Jahre		Nacherziehung weiblicher Jugendlicher; Vom Kanton benutzte Anstalt für die Internierung von weiblichen Jugendlichen nach StGB.	2		Kloster der Frau von der Liebe des Guten Hiretn (Sitz in Frankreich)	2	5	230		220 (2 Abteilungen: eine für "Zöglinge": Milieugeschädigte, sittlich Gefährdete, eine für "Schützlinge": Sittlich Verwahrloste und Straffällige)		86	2				2	2	2	2	2	2
SG04	St. Gallen	Oberbüren	Knabenerziehungsheim Thurhof	3						bis 16 Jahre		Erziehungsanstalt für Knaben und männliche Jugendliche; Gelegentlich benutzte Anstalt für die Internierung männlicher Jugendlicher nach StGB.	2		katholischer Konfessionsteil des Kantons St. Gallen		3			50		45	1				1	1	2		2	2
SG05	St. Gallen	Oberuzwil	St. Gallisches Erziehungsheim Platanenhof	3				Erziehung von schwererziehbaren Knaben und Zuführung zum Beruf.		8–18 Jahre		Erziehung und Nacherziehung von Jugendlichen; Vom Kanton benutzte Anstalt für die Versorgung von Jugendlichen nach StGB.	2		Gemeinnützige Gesellschaft	3	3	60		60		60	1				1	3	3	3	3	3
SG06	St. Gallen	Salez	Kolonie Saxerriet	5				Gegründet 1924 durch den Kanton St. Gallen zur Verwahrung von durch den Richter eingewiesenen Gewohnheitsverbrechern und administrativ zwangsversorgten arbeitsscheuen und liederlichen Personen gemäss dem Gesetz vom 19. November 1924.			siehe St. Jakob	Gefängnis; Zuchthaus; Verwahrung; Arbeitserziehung; Zwangsarbeit; Nicht getrennte Abteilungen	1			1	4	80				130	1					1	3			3
SG07	St. Gallen	St. Gallen	Kantonale Strafanstalt St. Gallen St. Jakob	5					Z, G, ev. V		ZH, G, V (inkl. Saxerriet)	Gefängnis; Zuchthaus; Verwahrung; administrative Versorgung	1			1	4		240		293 (inkl. Saxerriet)	130	3			3		3	3			3
SG08	St. Gallen	Lütisburg	St. Iddaheim	3				Erziehungsanstalt.		4–20 Jahre			2		Kommission		5	175		ca. 200			3	3			3		2	2	2	
SG09	St. Gallen	St. Gallen	Mädchenheim Wienerberg	3				Erziehung schutzbedürftiger Mädchen.		14.5–19.5 Jahre		Nacherziehung evangelischer Töchter nach Art. 88–99 StGB; Geschlossenes Heim: für alle Neueintritte Möglichkeit eine Haushalt-, Glätterinnen- oder Damenschneiderinnenlehre zu absolvieren; Halboffenes Heim: Uebertritt je nach Verhalten im geschlossenen Heim. Möglichkeit zur Arbeit in der Stadt.	2		Fräulein Horber und Fräulein Freitag	2	3	58		2 Häuser mit 30, resp. 31 Plätzen		40	2				2	2	1	1	1	1
SG10	St. Gallen	St. Gallen	Mädchenheim Waldburg	3				Nacherziehung gefährdeter Mädchen.		14–20 Jahre		Erziehung von katholischen weiblichen Jugendlichen; Vom Kanton benutzte Anstalt für Internierung im Sinne des Massnahmevollzugs.	2		Fürorge-Kommission	2	2	34		30		25	2				2	2	2	2	2	2
SG11	St. Gallen	Bruggen-St. Gallen	Mädchenerziehungsheim Sonnenbühl	3				Nacherziehung gefährdeter Mädchen.		Halbexternenheim; von 15 Jahren an			2		Komitee		2	30		25–28			2	2			2		1	1	1	
SG14	St. Gallen	Wil	Kantonale Heil- und Pflegeanstalt Wil	6								Heil- und Pflegeanstalt, Von verschiedenen Kantonen benutzte Anstalt für die Internierung von Unzurechnungsfähigen nach StGB und zur psychiatrischen Begutachtung von Straffälligen.	1			1	6					1100	3					3	3			3
SG15	St. Gallen	Pfäfers	Heil- und Pflegeanstalt St. Pirminsberg	6				Samt dazu gehörender Alpkolonie St. Margrethenberg. Gegündet 1847.				Heil- und Pflegeanstalt, Von verschiedenen Kantonen benutzte Anstalt für die Internierung von Unzurechnungsfähigen nach Art. 14/15 StGB.	1			1	6	320				340	3					3	3	3		3
SG16	St. Gallen	St. Gallen	Arbeits- und Armenanstalt für Männer im Kappelhof, Kronbühl	1	7			Anstalt zur Unterbringung von Bürgern, die nach den Bestimmungen des Gesetzes über das Armenwesen versorgt werden müssen. Beschäftigung in Haus und Landwirtschaft. Arbeitsfürsorge, Arbeitserziehungsanstalten (Korrektionsanstalten).					4				2	49					1	1					4	k.A.		
SG17	St. Gallen	Altstätten	Bezirksgefängnis Oberrheintal	5					G, H		G, H	a) Untersuchungsgefängnis für korrektionelle Verfahren; b) Vollzug von Haft- und Gefängnisstrafen bis zu 1 Monat	1			1	1					8	3					3	3			3
SG18	St. Gallen	Bazenheid	Bezirksgefängnis Alttoggenburg	5					G, H		G, H	a) Untersuchungsgefängnis für korrektionelle Verfahren; b) Vollzug von Haft- und Gefängnisstrafen bis zu 1 Monat	1			1	1					2	3					3	3			3
SG19	St. Gallen	Benken	Bezirksgefängnis Gaster	5					G, H		G, H	a) Untersuchungsgefängnis für korrektionelle Verfahren; b) Vollzug von Haft- und Gefängnisstrafen bis zu 1 Monat	1			1	1					4	3					3	3			3
SG20	St. Gallen	Buchs	Bezirksgefängnis Werdenberg	5					G, H		G, H	a) Untersuchungsgefängnis für korrektionelle Verfahren; b) Vollzug von Haft- und Gefängnisstrafen bis zu 1 Monat	1			1	1					12	3					3	3			3
SG21	St. Gallen	Flawil	Bezirksgefängnis Untertoggenburg	5					G, H		G, H	a) Untersuchungsgefängnis für korrektionelle Verfahren; b) Vollzug von Haft- und Gefängnisstrafen bis zu 1 Monat	1			1	1					11	3					3	3			3
SG22	St. Gallen	Flums	Bezirksgefängnis Sargans	5					G, H		G, H	a) Untersuchungsgefängnis für korrektionelle Verfahren; b) Vollzug von Haft- und Gefängnisstrafen bis zu 1 Monat	1			1	1					8	3					3	3			3
SG23	St. Gallen	Gossau	Bezirksgefängnis Gossau	5					G, H		G, H	a) Untersuchungsgefängnis für korrektionelle Verfahren; b) Vollzug von Haft- und Gefängnisstrafen bis zu 1 Monat	1			1	1					5	3					3	3			3
SG24	St. Gallen	Lichtensteig	Bezirksgefängnis Neutoggenburg	5					G, H		G, H	a) Untersuchungsgefängnis für korrektionelle Verfahren; b) Vollzug von Haft- und Gefängnisstrafen bis zu 1 Monat	1			1	1					6	3					3	3			3
SG25	St. Gallen	Nesslau	Bezirksgefängnis Obertoggenburg	5					G, H		G, H	a) Untersuchungsgefängnis für korrektionelle Verfahren; b) Vollzug von Haft- und Gefängnisstrafen bis zu 1 Monat	1			1	1					4	3					3	3			3
SG26	St. Gallen	Rheineck	Bezirksgefängnis Unterrheintal	5					G, H		G, H	a) Untersuchungsgefängnis für korrektionelle Verfahren; b) Vollzug von Haft- und Gefängnisstrafen bis zu 1 Monat	1			1	1					8	3					3	3			3
SG27	St. Gallen	Rorschach	Bezirksgefängnis Rorschach	5					G, H		G, H	a) Untersuchungsgefängnis für korrektionelle Verfahren; b) Vollzug von Haft- und Gefängnisstrafen bis zu 1 Monat	1			1	1					13	3					3	3			3
SG28	St. Gallen	St. Gallen	Bezirksgefängnis St. Gallen	5					G, H		G, H	a) Untersuchungsgefängnis; b) Vollzug von Haft- und Gefängnisstrafen bis zu 1 Monat	1			1	2					25	3					3	3			3
SG29	St. Gallen	Uznach	Bezirksgefängnis See	5					G, H		G, H	a) Untersuchungsgefängnis für korrektionelle Verfahren; b) Vollzug von Haft- und Gefängnisstrafen bis zu 1 Monat	1			1	1					6	3					3	3			3
SG31	St. Gallen	Wil	Bezirksgefängnis Wil	5					G, H		G, H	a) Untersuchungsgefängnis für korrektionelle Verfahren; b) Vollzug von Haft- und Gefängnisstrafen bis zu 1 Monat	1			1	1					7	3					3	3			3
SG32	St. Gallen	St. Gallen	Kriminalgefängnis St. Gallen	5								a) Untersuchungsgefängnis für Kriminalstrafsachen und Strafsachen, die an das Kantonsgericht geleitet werden; b) Vollzug von Haft- und Gefängnisstrafen bis zu 1 Monat	1			1	1					19	3					3	3			3
SH01	Schaffhausen	Schaffhausen	Kantonales Gefängnis Schaffhausen	5					G, H		H, G bis 6 Mte.	a) Untersuchungsgefängnis; b) Vollzug von Gefängnisstrafen bis zu 3 Monaten	1			1	3				16	50	3					3	3			3
SO01	Solothurn	Deitingen	Zwangsarbeitsanstalt Schachen	1	5			Zwangsarbeitsanstalt Schachen: Staatsanstalt. Neben dem Hauptbetrieb Schachen besitzt die Anstalt zwei Filialbetriebe. (…) Gründe der Einbringung: Arbeitsscheu, Trunksucht, liederliches Leben, Gemeindebelästigung und Famlienvernachlässigung. Der Antrag zur Einbringung in die Anstalt wird gestellt durch: Gemeindebehörden, Familienangehörige, Polizeiorgane. Administrative Verurteilungen durch Regierungsratsbeschluss im Minimum für 6 Monate, für Rückfällige bis 24 Monate.  Steinbruch in Gänsebrunnen: Zwangsarbeit im Steinbruch. (…) Bei der Ausbeutung des gepachteten Steinbruchs werden unter zwei Aufsehern 18-20 Insassen beschäftigt. In der Nähe des Areals Wohnbaracke mit Küche.  Frauenabteilung.	Z, H, A		G (Frauen), ZH (Frauen), V, A	Männer: Arbeitserziehung, gerichtliche Verwahrung, administrative Versorgungen; Frauen: Gefängnis, Zuchthaus, gerichtliche Verwahrung, administrative Versorgung;  Getrennte Abteilungen:  Verwahrung: In Filiale Malsenhof bei Welschenrohr; Arbeitserziehung, Versorgung: im Schachen;  Weibliche Jugendliche: Internierung hauptsächlich in der Zwangsarbeitsanstalt Schachen, Abteilung für Frauen, Deitingen; Frauen: Abteilung für Frauen im Schachen	1			1	4	120 (80 Zwangsarbeitsanstalt + 20 Frauenabteilung + 20 Steinbruch)			105	95	3					3	3			3
SO02	Solothurn	Solothurn	Strafanstalt Oberschöngrün	5					G, H		G	Gefängnis; Zuchthaus; gerichtliche Verwahrung für nicht fluchtgefährliche Gefangene; keine getrennten Abteilungen für die verschiedenen Kategorien	1			1	3		65		55	70	1		1			1	3			3
SO03	Solothurn	Solothurn	St. Theresiahaus Solothurn	3				Fürsorgeerziehung Gefährdeter.		14–22 Jahre		Heim für berufliche Ausbildung für katholische schulentlassene Töchter; Vom Kanton benutzte Anstalt für Massnahmenvollzug im Sinne von Art. 84, 90 und 91 StGB; In Verbindung mit Waldhöfli, Heim zur Ausbildung von bäuerlichen Hausgehilfinnen, in Rüttenen SO	2		Seraphisches Liebeswerk	2	2			34		28	2				2	2	2	2	2	2
SO04	Solothurn	Balsthal	Bezirksgefängnis Balsthal	5					G, H		H, G bis 7 Tage	a) Untersuchungsgefängnis; b) Vollzug von Haft- und Gefängnisstrafen bis zu 8 Tagen	1			1	1					12	3					3	3			3
SO05	Solothurn	Breitenbach	Bezirksgefängnis Breitenbach	5					G, H		H, G bis 7 Tage	a) Untersuchungsgefängnis; b) Anstalt für Verbüssung von Militärarresten; c) Vollzug von Haft- und Gefängnisstrafen bis zu 8 Tagen	1			1	1					9	3					3	3			3
SO06	Solothurn	Dornach	Bezirksgefängnis Dornach	5					G, H		H, G bis 7 Tage	a) Untersuchungsgefängnis; b) Vollzug von Haft- und Gefängnisstrafen bis zu 8 Tagen	1			1	1					12	3					3	3			3
SO07	Solothurn	Olten	Bezirksgefängnis Olten	5					G, H		H, G bis 7 Tage	a) Untersuchungsgefängnis; b) Vollzug von Haft- und Gefängnisstrafen bis zu 8 Tagen	1			1	1					14	3					3	3			3
SO08	Solothurn	Solothurn	Untersuchungsgefängnis Solothurn	5					G, H		H, G bis 7 Tage	a) Untersuchungsgefängnis; b) Vollzug von Haft- und Gefängnisstrafen bis zu 1 Monat	1			1	2					30	3					3	3			3
SZ01	Schwyz	Schwyz	Kantonale Zwangsarbeitsanstalt Kaltbach	1	5			Gegründet 1902 durch den Kanton, um die Detinierten durch strenge Arbeit und bessere Zucht wieder an ein tätiges, ehrbares Leben zu gewöhnen. (…) In die Arbeitsanstalt können versetzt werden: a) bevormundete oder der elterlichen Gewalt unterworfene Personen, welche sich den Weisungen ihrer Eltern, Vormünder und Aufsichtsbehörden beharrlich widersetzen; b) Eltern, welche ihre Kinder böswillig verlassen oder sie durch müssiges, leichtsinniges, liederliches Leben in hilflosen Zustand versetzen und dadurch der Fürsorge der unterstützungspflichtigen Verwandten oder der Gemeinde anheimgeben, oder welche, wiewohl eine angemessene Beitragsleistung an die Unterstützungskosten in ihren Kräften läge, solche hartnäckig verweigern; c) Eltern oder Pflegeeltern, welche ihre Pflichten gegen ihre Kinder oder andere, unter ihrer Aufsicht stehende Personen in fortgesetzter Weise und nach vorgängiger Mahnung nicht erfüllen, diese vernachlässigen, zu Diebstahl, Frevel oder zum Bettel anhalten oder davon abzuhalten, unterlassen; d) Personen, welche sich fortgesetzt dem Müssiggange, der Trunkenheit oder auf andere Art einem liederlichen Lebenswandel ergeben, und infolgedessen arbeitslos und unterstützungsbedürftig werden oder öffentliches Ärgernis erregen; e) gewerbsmässige Bettler, sowie Landstreicher, welche der öffentlichen Wohltätigkeit zur Last fallen oder ihr anheimzufallen drohen.	G, A, ev. V		H, G bis 6 Mte. A, administrativ Versorgte	Gefängnis; administrative Versorgung; Arbeitserziehung; Zwangsarbeit	1			1	3	80	75		70	60	3		3			3	3			3
SZ02	Schwyz	Schwyz	Gefängnis im Rathaus des Kantons Schwyz	5					H			Untersuchungsgefängnis	1			1	1					17	3					3	3			3
SZ03	Schwyz	Einsiedeln	Bezirksgefängnis Einsiedeln	5					H			a) Untersuchungsgefängnis; b) Vollzug kurzer Haft- und Gefängnisstrafen	1			1	1					4	3					3	3			3
SZ04	Schwyz	Freienbach	Bezirksgefängnis Höfe	5					H			a) Untersuchungsgefängnis; b) Vollzug von kurzen Haft- und Gefängnisstrafen	1			1	7						3					3	3			3
SZ05	Schwyz	Gersau	Bezirksgefängnis Gersau	5					H			a) Untersuchungsgefängnis; b) Vollzug von Haft- und Gefängnisstrafen bis zu 1 Monat	1			1	1					2	3					3	3			3
SZ06	Schwyz	Küssnacht am Rigi	Bezirksgefängnis Küssnacht am Rigi	5					H			a) Untersuchungsgefängnis; b) Vollzug von kurzen Haft- und Gefängnisstrafen	1			1	1					3	3					3	3			3
SZ07	Schwyz	Lachen	Bezirksgefängnis der March	5					H			a) Untersuchungsgefängnis; b) Vollzug kurzer Haft- und Gefängnisstrafen	1			1	1					7	3					3	3			3
TG01	Thurgau	Hüttwilen	Arbeitserziehungsanstalt Kalchrain	1	3			Staatsanstalt. Arbeitsfähige, aber einem liederlichen, ausschweifenden oder arbeitsscheuen Lebenswandel sich ergebende und ihrer Heimatgemeinde zur Last fallende Personen zu strenger Arbeit anzuhalten und womöglich wieder an ein tätiges Leben zu gewöhnen. Die Anstalt zerfällt in zwei getrennte Abteilungen für Männer und Weiber.	A, H			Gefängnis; gerichtliche Verwahrung; Arbeitserziehung; Administrative Versorgungen	1			1	4	120			120	120	3					3	3			3
TG02	Thurgau	Herdern	Arbeiterkolonie Herdern	2								Arbeitserziehungsanstalt; Arbeiterkolonie; Vom Kanton benutzte Anstalt für gerichtliche und administrative Einweisungen.	2	2		2	4	110				110	1					1	3	3		3
TG03	Thurgau	Tobel	Straf- und Verwahrungsanstalt des Kantons Thurgau	5					Z, G, H		G, H, ZH	Gefängnis; Zuchthaus; gerichtliche Verwahrung	1			1	3				85	90	3					3	3			3
TG04	Thurgau	Frauenfeld	Kantonalgefängnis Frauenfeld	5								a) Untersuchungsgefängnis für kriminelle Strafuntersuchungen; b) Vollzug kurzfristiger Gefängnisstrafen	1			1	1					15	3					3	3			3
TG05	Thurgau	Sirnach	Heil- und Pflegeanstalt Littenheid	6								Heil- und Pflegeanstalt; Vom Kanton benutzte Anstalt für die Internierung von Unzurechnungsfähigen nach Art. 14/15 StGB.	2			2	6					550	3					3	3			3
TG09	Thurgau	Romanshorn	Bezirksgefängnis Arbon	5								a) Untersuchungsgefängnis für korrektionelle Strafverfahren; b) Vollzug kurzfristiger Haftstrafen	1			1	2					20	3					3	3			3
TG10	Thurgau	Bischofszell	Bezirksgefängnis Bischofszell	5								a) Untersuchungsgefängnis für korrektionelle Strafverfahren; b) Vollzug kurzfristiger Haftstrafen	1			1	1					10	3					3	3			3
TG11	Thurgau	Diessenhofen	Bezirksgefängnis Diessenhofen	5								a) Untersuchungsgefängnis für korrektionelle Strafverfahren; b) Vollzug kurzfristiger Haftstrafen	1			1	1					4	3					3	3			3
TG12	Thurgau	Frauenfeld	Bezirksgefängnis Frauenfeld	5								a) Untersuchungsgefängnis für korrektionelle Strafverfahren; b) Vollzug kurzfristiger Haftstrafen	1			1	2					20	3					3	3			3
TG13	Thurgau	Kreuzlingen	Bezirksgefängnis Kreuzlingen	5								a) Untersuchungsgefängnis für korrektionelle Strafverfahren; b) Vollzug kurzfristiger Haftstrafen	1			1	1					18	3					3	3			3
TG14	Thurgau	Münchwilen	Bezirksgefängnis Münchwilen	5								a) Untersuchungsgefängnis für korrektionelle Strafverfahren; b) Vollzug kurzfristiger Haftstrafen	1			1	1					6	3					3	3			3
TG15	Thurgau	Steckborn	Bezirksgefängnis Steckborn	5								a) Untersuchungsgefängnis für korrektionelle Strafverfahren; b) Vollzug kurzfristiger Haftstrafen	1			1	1					10	3					3	3			3
TG16	Thurgau	Weinfelden	Bezirksgefängnis Weinfelden	5								a) Untersuchungsgefängnis für korrektionelle Strafverfahren; b) Vollzug kurzfristiger Haftstrafen	1			1	1					10	3					3	3			3
TI01	Tessin	Mendrisio	Casa per intemperanti La Valetta	1	4			Casa per intemperanti La Valletta annessa al Manicomio Cantonale in Mendrisio. Fondata nel 1932 dallo Stato. Verranno ricoverati gli alcoolizzati e le persone che per le loro condizioni e la loro condotta devono subire una cura di educazione al lavoro.	A, T				1				3	70					3	3					4	2		
TI02	Tessin	Riva San Vitale	Instituto Discoli (Canisio)	3				Correzione e rieducazione die giovanetti di carattere difficile.		8–16 Jahre			4		?		3	90		90			1				1		2	2	2	
TI03	Tessin	Lugano	Penitenziario di Stato del Cantone Ticino	5					Z, G, H, ev. V			Haftstrafen; Gefängnis; Zuchthaus; gerichtliche Verwahrung	1			1	4		100			100	3					3	3			3
TI04	Tessin	Bellinzona	Carcere Pretoriale di Bellinzona	5					G, H			a) Untersuchungsgefängnis; b) Vollzug kurzer Haft- und Gefängnisstrafen	1			1	1					18	3					3	3			3
TI05	Tessin	Locarno	Carcere Pretoriale di Locarno	5					G, H			Untersuchungsgefängnis	1			1	1					12	3					3	3			3
TI06	Tessin	Lugano	Carcere Pretoriale di Lugano	5					G, H			Untersuchungsgefängnis; Unterabteilung und im Gebäude des Penitenziario Cantonale Lugano	1			1	1					12	3					3	3			3
TI07	Tessin	Mendrisio	Carcere Pretoriale di Mendrisio	5					G, H			a) Untersuchungsgefängnis; b) Vollzug kurzfristiger Haft- und Gefängnisstrafen	1			1	1					8	3					3	3			3
UR01	Uri	Altdorf	Kantonale Strafanstalt Uri	5					Z, G, H, ev. V		ZH, G, H	Untersuchungsgefängnis; Haftgefängnis; Gefängnis; Zuchthaus	1			1	2		32		34	32	3					3	3			3
VD01	Waadt	Lausanne	Maison de la Suisse romande pour femmes victimes de la boisson Bethesda	4				Toute pensionnaire s'occupe selon ses forces et ses aptitudes aux travaux qui lui seront assignés par la directrice (réfection des matelas, travaux de couture ou du ménage).	T			Verwahrung und Versorgung von Gewohnheitstrinkerinnen; Heilstätte für alkoholkranke Frauen	2	2		2	2	20				22	2					2	3	1		3
VD02	Waadt	Rolle	Colonie pénitentiaire pour femmes La Prairie	1	3	4	5	Reçoit: 1. les condamnés à la réclusion où à l'emprisonnement pour plus de 15 jours; 2. les alcooliques femmes soumises à l'internement par décision du Conseil d'Etat. (…) Reçoit des malades curables (alcooliques), soumis à l'internement par décision du Conseil d'Etat.	Z, G		ZH, G, V, A	Gefängnis; Zuchthaus; Verwahrung; Arbeitserziehung für Jugendliche; Bewährung vor Strafentlassung	1			1	2	50			23	30	2					2	3	3		3
VD03	Waadt	Vennes	Maison d'Education de Vennes (Les Croisettes)	3						12–20 Jahre		Erziehung Jugendlicher	1		Staat	1	3			50		50	1				1	1	3		3	3
VD04	Waadt	Bochuz/Orbe	Etablissements de la Plaine de l'Orbe	2	4	5		La Colonie de l'Orbe: Reçoit les condamnés à l'internement et les condamnés à un emprisonnement pour plus de trois mois. Elle peut recevoir, à titre de colon volontaire, les détenus libérés qui manqueraient de travail et moyennant autorisation du Conseil d'Etat, des condamnés à l'internement d'autres cantons.  La Colonie de détention et d'internement de la plaine de l'Orbe: Elle reçoit aussi des colons volontaires, qui manqueraient de travail.	Z (Bochuz), V (Colonie d'Orbe), T (Près-Neufs)		Colonie: ZH, G	Umfassend: 1. Strafanstalt Bochuz (Zuchthaus); 2. Kolonie Orbe: Gefängnis (gerichtliche Verwahrung, administrative Versorgung); 3. Asyl les Prés-Neufs (Gewohnheitstrinker);  Gefängnis; Zuchthaus; gerichtliche Verwahrung; Arbeitserziehung; Administrative Versorgung; Nacherziehung Jugendlicher; Internierung von Unzurechnungsfähigen; Administrative Versorgung von Gewohnheitstrinkern	1			1	6	>280			400	420	1					1	3	3		3
VD05	Waadt	Vevey	Le Phare	3				Maison de rééducation pour jeunes filles.		von 14 Jahren an			2		Heilsarmee		2	48		48			2	2			2		2	2	2	
VD06	Waadt	Lausanne	Asile cantonal des aliénés au Bois-de-Cery près Lausanne	6				L'asile est ouvert aux aliénés vaudois et étrangers, moyennant un prix détérminé dans chaque cas particulier. (…) L'admission d'un malade est faite par la Direction de l'asile. Conditions: 1. Une demande d'admission, écrite et signée par l'un des plus proches parents du malade (père, mère, frère ou soeur), ou par l'autorité municipale de son domicile ou de sa bourgeoisie, ou par toute autre personne autorisée: tuteur, curateur, etc.: Pour les étrangers au canton cette pièce doit être légalisée. 2. Une déclaration médicale détaillée, si possible sur le formulaire spécial qu'on peut se procurer à l'asile. 3. Son acte de naissance et son acte de marriage s'il est marié. Kranke, Fürsorge für Geisteskranke.					1	st			6	600						3					3	3		
VD07	Waadt	Serix près Oron	Institut Romand d'Education	3						7–20 Jahre		Erziehungsanstalt für Knaben; Nacherziehung männlicher Jugendlicher	2		Comité	2	3			70–76		56	1				1	1	4	1	1	3
VD08	Waadt	Chailly sur Lausanne	Ley Mayoresses	3						Foyer pour apprentis Les Mayoresses; 14–19 Jahre			1		Société de tutelle publique		2			25			2				2		1		1	
VD09	Waadt	Grandson	Maison d'éducation pour jeunes filles arriérés "Les Muriers"	3				Rééducation des jeunes filles arriérées; Nachschulpflichtige (Eintrittsalter bis 20 Jahre).					4				2	52					3	3					1	1		
VD12	Waadt	Aigle	Prison de District Aigle	5								a) Untersuchungsgefängnis; b) Vollzug von Haft- und Gefängnisstrafen bis zu 6 Monaten	1			1	2					20	3					3	3			3
VD13	Waadt	Aubonne	Prison des districts de Rolle et Aubonne	5								a) Untersuchungsgefängnis; b) Vollzug von Haft- und Gefängnisstrafen bis zu 2 Monaten	1			1	1					14	3					3	3			3
VD14	Waadt	Avenches	Prison de District Avenches	5								a) Untersuchungsgefängnis; b) Vollzug von Haft- und Gefängnisstrafen bis zu 2 Monaten	1			1	1					12	3					3	3			3
VD15	Waadt	Château d'Oex	Prison de District Château d'Oex	5								a) Untersuchungsgefängnis; b) Vollzug von Haft- und Gefängnisstrafen	1			1	1					7	3					3	3			3
VD16	Waadt	Cossonay	Prison de District Cossonay	5								a) Untersuchungsgefängnis; b) Vollzug von Haft- und Gefängnisstrafen bis zu 3 Monaten	1			1	1					15	3					3	3			3
VD17	Waadt	Echallens	Prison de District Echallens	5								a) Untersuchungsgefängnis; b) Vollzug von Haft- und Gefängnisstrafen bis zu 3 Monaten	1			1	1					3	3					3	3			3
VD18	Waadt	Lausanne	Prison de District Lausanne Bois-Mermet	5								a) Untersuchungsgefängnis; b) Vollzug von Haft- und Gefängnisstrafen bis zu 1 Monat	1			1	4					100	3					3	3			3
VD19	Waadt	Lausanne	Prison de District Lausanne, Salles d'Arrêts	5								a) Vollzug von Haft- und Polizeistrafen Jugendlicher; b) Militärarreste; c) Internierung von Gewohnheitstrinkern	1			1	7						3					3	3			3
VD20	Waadt	Le Sentier	Prison de District La Vallée	5								a) Untersuchungsgefängnis; b) Vollzug kurzer Haft- und Gefängnisstrafen	1			1	7						3					3	3			3
VD21	Waadt	Morges	Prison de District Morges	5								a) Untersuchungsgefängnis; b) Vollzug von Haft- und Gefängnisstrafen bis zu 3 Monaten	1			1	2					22	3					3	3			3
VD22	Waadt	Moudon	Prison de District Moudon	5								a) Untersuchungsgefängnis; b) Vollzug von Haft- und Gefängnisstrafen bis zu 1 Monat	1			1	1					18	3					3	3			3
VD23	Waadt	Nyon	Prison de District Nyon	5								a) Untersuchungsgefängnis; b) Vollzug von Haft- und Gefängnisstrafen bis zu 1 Monat	1			1	2					23	3					3	3			3
VD24	Waadt	Orbe	Prison du District d'Orbe	5								a) Untersuchungsgefängnis; b) Vollzug von Haft- und Gefängnisstrafen bis zu 1 Monat	1			1	1					12	3					3	3			3
VD25	Waadt	Ste. Croix	Prison de District Ste. Croix	5								a) Untersuchungsgefängnis; b) Vollzug von Haft- und Gefängnisstrafen bis zu 1 Monat	1			1	1					3	3					3	3			3
VD26	Waadt	Vevey	Prison de District Vevey	5								a) Untersuchungsgefängnis; b) Vollzug von Haft- und Gefängnisstrafen bis zu 1 Monat	1			1	2					40	3					3	3			3
VD27	Waadt	Yverdon	Prison de District Yverdon	5								a) Untersuchungsgefängnis; b) Vollzug von Haft- und Gefängnisstrafen bis zu 3 Monaten	1			1	2					25	3					3	3			3
VS01	Wallis	Granges	Pénitencier de Crêtelongue	5					Z, G, H, ev. V			Gefängnis; Zuchthaus; gerichtliche Verwahrung; administrative Versorgung; Arbeitserziehung	1			1	3		88		60	65	1		3	1		1	3			3
VS03	Wallis	Sion	Pénitencier Cantonal Sion	5					Z, G, H, ev. V		ZH, G	Gefängnis; Zuchthaus	1			1	3				60	40	3					1	3			3
VS04	Wallis	Sion	Maison Blanche Sion	4								Trinkerheilanstalt für Männer; Vom Kanton benutzte Anstalt für die Internierung von Gewohnheitstrinkern	2			2	2					22	1					1	3			3
VS05	Wallis	Monthey	Maison de Santé de Malévoz à Monthey	6				But: traitement des affections nerveuses et mentales. (…) Conditions d'admission: un certificat médical, constatant la nécessité de la mise en traitement, est nécessaire pour les malades mentaux, à moins que ces derniers ne viennent de leur plein gré. Un grand nombre des malades sont reçus sur simple demande téléphonique, mais à l'admission, la famille, ou l'autorité qui demande le placement doivent signer und demande écrite, ainsi qu'une déclaration garantissant le paiement des frais.					1	1			6	250					3	3					3	2		3
VS06	Wallis	Brig	Prison de District Brigue	5								a) Untersuchungshaft für Männer und soweit möglich auch für Frauen; b) Vollzug von Haft- und Gefängnisstrafen bis zu 5 Tagen	1			1	7						3					3	3			3
VS07	Wallis	Martigny	Prison préventive pour Femmes	5								Untersuchungsgefängnis für Frauen	1			1	7						3						3			3
VS09	Wallis	Sion	Prison préventive de Sion	5								Untersuchungsgefängnis	1			1	1					10	3					3	3			3
ZG01	Zug	Zug	Strafanstalt Zug	5				Strafvollzug für Arbeitshaus- und Gefängnisstrafen. Zuchthausstrafen werden in der Strafanstalt St. Gallen oder im Saxerried verbüsst. Ausnahmsweise können Korrektionsgefangene durch Regierungsratsbeschluss aufgenommen werden.	H, G		H, G	a) Untersuchungsgefängnis; b) Vollzug von Haftstrafen; c) Vollzug von Gefängnisstrafen	1			1	2	40			36	40	3					3				3
ZG02	Zug	Oberwil	Nervenheilanstalt St. Franziskusheim	6								Heil- und Pflegeanstalt; Vom Kanton benutzte Anstalt für die Internierung von Unzurechenfähigen nach Art. 14/15 StGB.	2			2	5					200	1					1				3
ZH01	Zürich	Uitikon am Albis	Kantonale Arbeitserziehungsanstalt Uitikon	1	3			Erziehung jüngerer Verwahrloster und Verbrecher.	A	Die Anstalt gehört nur bedingt in die Kategorie der Erziehungsanstalten für Jugendliche (Eintrittsalter: 18–23 Jahre, nur ausnahmsweise darunter). Viele haben bereits beim Eintritt eine Berufsausbildung hinter sich.	ger., adm., A.	Arbeitserziehungsanstalt für männliche Jugendliche; Administrative Einweisungen	1		staatlich	1	3	56			80	80	1				1	1	3	3	3	3
ZH02	Zürich	Kappel am Albis	Anstalt Kappel am Albis	1	7			Zwei (getrennte) Abteilungen: a) die Pflegeabteilung mit dem Zwecke, hilfsbedürftige Personen zur Verpflegung und Besorgung anzunehmen, und b) die Bewahrungsabteilung mit dem Zwecke, arbeitsfähige, aber arbeitsscheue und liederliche Personen durch angemessene Arbeit und bessernde Zucht an ein tätiges Leben zu gewöhnen und moralisch zu heben.	A			Verwahrung von Männern und Frauen	2			2	2				35	28	3					3	3			3
ZH03	Zürich	Ellikon an der Thur	Heilstätte Ellikon an der Thur	4				Gegründet 1888 durch den Verein zur Heilung von Gewohnheitstrinkern. (…) Raum für 40 Pfleglinge, die mit Feld- und Gartenarbeit und Hausindustrie in Werkstätten beschäftigt werden. Die Heilstätte wird in positiv-protestantischem Sinne geleitet.	T			Heilstätte für alkoholkranke Männer; Versorgung von Gewohnheitstrinkern	2			2	2	40			40	40	1					1		1		interkonfessionell, Leitung reformiert
ZH04	Zürich	Regensdorf	Kantonale Straf- und Verwahrungsanstalt Regensdorf	5				Abteilung für Korrektionsgefangene: Gemäss Gesetz über die Versorgung von Jugendlichen, Verwahrlosten und Gewohnheitstrinkern vom 24. mai 1925 kann die katn. Strafanstalt in Regensdorf als Verwahrungsanstalt für mehrfach rückfällige oder gefährliche Verbrecher benützt werden. Zweck der Versorgung ist, die Gesellscahft vor gefährlichen Verbrecher und unverbesserlichen Personen zu schützen und die Insassen durch nützlcihe Arbeit zu zweingen, die Kosten des Lebensunterhaltes zu verdienen. Dauer der Versorgung: 2-5 Jahre.	Z, G, V		ZH, G, V, A	Gefängnis; Zuchthaus; Verwahrung; getrennte Abteilung für Verwahrte	1				6	350	350		360	310	3					3	3			3
ZH05	Zürich	Baltenswil	Landheim Brüttisellen	3				Erziehung schwererziehbarer Knaben im Alter von 15-18 Jahren.		15–18 Jahre		Nacherziehung männlicher Jugendlicher; Vom Kanton benutzte Anstalt für die Nacherziehung männlicher Jugendlicher nach StGB; Möglichkeit, eine Berufslehre als Gemüse- oder Blumengärtner zu absolvieren	2		Stiftung C. Appenzeller	2	2	30		30		40	1				1	1	3	1	3	interkonfessionell, Leitung reformiert
ZH06	Zürich	Tagelswangen	C. Appenzellersche Anstalt für Mädchen	3				Erziehung schwererziehbarer Mädchen; Nachschulpflichtige (Eintrittsalter bis 20 Jahre).		15–18 Jahre			2		Stiftung C. Appenzeller		2	48		48			2	2			2		1	1	1	
ZH07	Zürich	Aeugsterthal	Schweizerische Heilstätte für alkoholkranke Männer Götschihof	4					T			Heilstätte für Trinker; Verwahrung von Gewohnheitstrinkern	2	2		2	2	40				50	1					1		1		3
ZH08	Zürich	Ringwil-Hinwil	Arbeiterkolonie Ringwil	2	5			Erziehung schwererziehbarer Knaben .			ger. V., adm. V.	Verwahrungsanstalt; Bewährungsstation für Zöglinge aus der Verwahrungsabteilung der Strafanstalt Regensdorf	1			1	2	28			45	45	1					1	3			3
ZH11	Zürich	Zürich	Schenkung Dapples	3				Erziehung von Psychopathen und Schwererziehbaren.		für Schwererziehbare, die eine Berufslehre machen sollen; 15–20 Jahre		Erziehungsanstalt für männliche Jugendliche	2		Schenkung	2	2	38		35		25	1				1	1	1	1	1	1
ZH12	Zürich	Affoltern am Albis	Bezirksgefängnis Affoltern	5					H, G		UH, H, G bis 6 Mte.	Untersuchungsgefängnis; Vollzug von Haft- und Gefängnisstrafen	1			1	1					15	3					3				3
ZH13	Zürich	Andelfingen	Bezirksgefängnis Andelfingen	5					H, G		UH, H, G bis 6 Mte.	a) Untersuchungsgefängnis; b) Vollzug von Haft- und Gefängnisstrafen bis zu 6 Monaten	1			1	1					16	3					3				3
ZH14	Zürich	Bülach	Bezirksgefängnis Bülach	5					H, G		UH, H, G bis 6 Mte.	a) Untersuchungsgefängnis; b) Vollzug von Haft- und Gefängnisstrafen bis zu 6 Monaten	1			1	1					16	3					3				3
ZH15	Zürich	Dielsdorf	Bezirksgefängnis Dielsdorf	5					H, G		UH, H, G bis 6 Mte.	a) Untersuchungsgefängnis; b) Vollzug von Haft- und Gefängnisstrafen bis zu 6 Monaten	1			1	1					12	3					3				3
ZH16	Zürich	Hinwil	Bezirksgefängnis Hinwil	5					H, G		UH, H, G bis 6 Mte.	a) Untersuchungsgefängnis; b) Vollzug von Haft- und Gefängnisstrafen bis zu 6 Monaten	1			1	1					18	3					3				3
ZH17	Zürich	Horgen	Bezirksgefängnis Horgen	5					H, G		UH, H, G bis 6 Mte.	a) Untersuchungsgefängnis; b) Vollzug von Haft- und Gefängnisstrafen bis zu 6 Monaten	1			1	2					25	3					3				3
ZH18	Zürich	Meilen	Bezirksgefängnis Meilen	5					H, G		UH, H, G bis 6 Mte.	a) Untersuchungsgefängnis; b) Vollzug von Haft- und Gefängnisstrafen bis zu 6 Monaten	1			1	2					21	3					3				3
ZH19	Zürich	Pfäffikon	Bezirksgefängnis Pfäffikon	5					H, G		UH, H, G bis 6 Mte.	a) Untersuchungsgefängnis; b) Vollzug von Haft- und Gefängnisstrafen bis zu 6 Monaten	1			1	1					15	3					3				3
ZH20	Zürich	Uster	Bezirksgefängnis Uster	5					H, G		UH, H, G bis 6 Mte.	a) Untersuchungsgefängnis; b) Vollzug von Haft- und Gefängnisstrafen bis zu 6 Monaten	1			1	2					40	3					3				3
ZH21	Zürich	Winterthur	Bezirksgefängnis Winterthur	5					H, G		UH, H, G bis 6 Mte.	a) Untersuchungsgefängnis; b) Vollzug von Haft- und Gefängnisstrafen bis zu 6 Monaten	1			1	2					30	3					3				3
ZH22	Zürich	Zürich	Bezirksgefängnis Zürich	5					H, G		UH, H, G bis 6 Mte.	Untersuchungsgefängnis	1			1	4		100		100	100	3					3				3
ZH23	Zürich	Hausen am Albis	Landerziehungsheim Albisbrunnen	3				Erziehungsanstalt für Schwererziehbare (körperlich und seelisch Gehemmte, Berufsunentschiedene).		für Schwererziehbare, körperlich und seelisch Gehemmte, Berufsunentschiedene; 6–20 Jahre		Erziehungsanstalt für Knaben und männliche Jugendliche, bzw. Minderjährige; Beobachtungsstation; Vom Kanton benutzte Anstalt für die Nacherziehung männlicher Jugendlicher; Getrennte Abteilungen im Gruppensystem, sogenannte Familiengruppen	2		Stiftung Albisbrunn	2	4	75		100		100	1					1	3	3	3	3
ZH24	Zürich	Ottenbach	Frauenheim Ulmenhof	1	3			Gegründet 1918 durch den Verband deutschschweizerischer Frauenvereine zur Hebung der Sittlichkeit (jetzt Verband Frauenhilfe), eröffnet November 1918 im ehemaligen Doktorenhaus. Zweck: willensschwachen, Schutz und Leitung bedürftigen und sittlich gefährdeten Frauen, auch solchen, die trotz mehrjähriger vorausgegangener Anstaltserziehung sich nicht halten können, ein schützendes Heim mit zweckdienlicher Arbeitsgelegenheit zu bieten. Durch die Versorgung aus gefahrbringender Umgebung in das Heim soll den Versorgten bei einfacher, gesunder Lebensweise, regelmässiger Arbeit und vor allem durch christliche Leitung und Beeinflussung die Möglichkeit geboten werden, ein rechtschaffenes und nutzbringendes Leben zu führen.	A			Arbeitserziehungsheim für willensschwache und sittlich gefährdete Mädchen und Frauen; Vom Kanton benutzte Anstalt für vereinzelten Vollzug von Strafen und Massnahmen (Gefängnis, Versorgung und Arbeitserziehung).	2			2	2	20			24	21	2					2	1	1		1
ZH37	Zürich	Stäfa	Mädchenheim Dorinastift (Heim für schwererziehbare Mädchen)	3				Heim für schwererziehbare Mädchen; Nachschulpflichtige (Eintrittsalter bis 20 Jahre).		14–18 Jahre			2		Kommission		2	34		34			2	2			2		1	1	1	
ZH41	Zürich	Zürich	Knabenheim Selnau	3				Vorübergehende Aufnahme gefährdeter schulentlassener Knaben.		Übergangsstation und Halbexternenheim; 16–20 Jahre			1		Stadt Zürich		2	39		39			1	1			1		3	3	3	
ZH42	Zürich	Richterswil	Schweizerisches Erziehungsheim für katholische Mädchen	3				Erziehung von schwererziehbaren Mädchen.		15–23 Jahre		Erziehungsheim für schulentlassene Mädchen und weibliche Jugendliche; Vom Kanton benutzte Anstalt für die Nacherziehung nach Art. 91 StGB.	2		Stiftung der Gemeinnützigen Gesellschaft	2	3	70		50			2					2	2	2	2	2
ZH43	Zürich	Pfäffikon	Haushaltungsschule Lindenbaum	3	8							Hauswirtschaftliche Schule für geistig und körperliche gebrechliche Töchter; Vom Kanton benutzte Anstalt für Massnahmenvollzug nach Art. 84 und 91 StGB.	2			2	2					32	2					2	3			3
ZH44	Zürich	Mettmenstetten	Stadtzürcherisches Männerheim zur Weid	1				Gegründet 1912 durch die bürgerliche Armenpflege der Stadt Zürich zur Versorgung von psychopathisch veranlagten Männern.	A			Verwahrung; Arbeitserziehung	1	1		1	3	60			70	60	1					1	3	3		3
ZH45	Zürich	Dielsdorf	Pestalozzihaus der Stadt Zürich Burghof	3				Beobachtungs- und Erziehungsheim für Jugendliche.		Heim zur Beobachtung und Erziehung von Jugendlichen; 15–20 Jahre		Erziehungsheim für Jugendliche und Minderjährige; Beobachtungsstation; Durchgangsheim	1			1	2	30		26		30	1				1	3	3	3	3	3
ZH46	Zürich	Bülach	Stadtzürcherisches Mädchenheim Heimgarten	3				Erziehung gefährdeter Mädchen.		Stadtzürcherisches Mädchenheim; 14–22 Jahre		Nacherziehung weiblicher Jugendlicher	1		Stadt Zürich	1	2	37		37		30	2				2	2	3	3	3	3
ZH48	Zürich	Zürich	Städtisches Jugendheim Artergut	3				Vorübergehende Aufnahme und Beobachtung von Kindern. Eintrittsalter: von 2-6 und von 14-18 Jahren.					4				2	34					3	3					3	3		
ZH49	Zürich	Zürich	Magdalenenheim Zürich	3				Erziehung schwererziehbarer Mädchen.		16–22 Jahre		Erziehungs- und Nacherziehungsanstalt für Mädchen und weibliche Jugendliche; Heim für strafentlassene Mädchen und Jugendliche; Vom Kanton benutzte Anstalt für administrative Einweisungen.	2		Verein	2	2			28		26	2				2	2	1	1	1	1
ZH50	Zürich	Zürich	Städtisches Mädchenheim Riesbach	3				Erziehungs- und Rettungsheim.		16–22 Jahre		Erziehungsheim; Beobachtungsheim; Durchgangsheim für Mädchen und weibliche Jugendliche	1			1	2			28		22	2				2	2	3		3	3
ZH51	Zürich	Zürich	Mädchenheim Tannenhof	3				Durchgangsstation für sittlich gefährdete, schwererziehbare, mittel- und obdachlose Mädchen; Nachschulpflichtige (Eintrittsalter bis 20 Jahre).					4				1	17					2	2					4	k.A.		
ZH52	Zürich	Zürich	Mädchenheim Pilgerbrunnen	3				Soweit möglich berufliche und hauswirtschaftliche Ertüchtigung; Nachschulpflichtige (Eintrittsalter bis 20 Jahre).		14–20 Jahre			2		Kommission		2	27		ca. 30			2	2			2		1	1	1	
ZH56	Zürich	Oberglatt	Landheim Siloah	3				Vgl. Jenzer, "Dirne, S. 359.		16–28 Jahre			2		Stiftung Landheim Siloah		2			30			2				2		1		1	